{
  "weight_diagnostics": [
    {
      "n_levels": 1,
      "seed": 0,
      "weights": [
        1.0
      ],
      "min_weight": 1.0,
      "max_weight": 1.0,
      "top1_mass": 1.0,
      "top2_mass": 1.0,
      "tail_mass_excluding_top1": 0.0,
      "hhi": 1.0,
      "effective_n_inverse_hhi": 1.0,
      "entropy": -1.000088900581841e-12,
      "entropy_effective_n": 0.9999999999989999,
      "normalized_entropy": -1.4428232973175177e-12,
      "low_weight_threshold": 0.35,
      "concentration_threshold": 0.78,
      "low_weight_count": 0,
      "extra_weight_mass_beyond_k4": 0.0,
      "max_extra_level_weight": 0.0,
      "n_extra_levels_under_threshold": 0,
      "concentration_status": "top_heavy"
    },
    {
      "n_levels": 2,
      "seed": 0,
      "weights": [
        0.5153588056564331,
        0.4846411943435669
      ],
      "min_weight": 0.4846411943435669,
      "max_weight": 0.5153588056564331,
      "top1_mass": 0.5153588056564331,
      "top2_mass": 1.0,
      "tail_mass_excluding_top1": 0.4846411943435669,
      "hhi": 0.5004717858223842,
      "effective_n_inverse_hhi": 1.9981146356867694,
      "entropy": 0.69267532051359,
      "entropy_effective_n": 1.9990565025241767,
      "normalized_entropy": 0.9993192498511296,
      "low_weight_threshold": 0.175,
      "concentration_threshold": 0.78,
      "low_weight_count": 0,
      "extra_weight_mass_beyond_k4": 0.0,
      "max_extra_level_weight": 0.0,
      "n_extra_levels_under_threshold": 0,
      "concentration_status": "balanced"
    },
    {
      "n_levels": 3,
      "seed": 0,
      "weights": [
        0.30167667259712977,
        0.5106779628587983,
        0.18764536454407188
      ],
      "min_weight": 0.18764536454407188,
      "max_weight": 0.5106779628587983,
      "top1_mass": 0.5106779628587983,
      "top2_mass": 0.8123546354559281,
      "tail_mass_excluding_top1": 0.4893220371412017,
      "hhi": 0.38701157937376557,
      "effective_n_inverse_hhi": 2.583902015588599,
      "entropy": 1.0186814689454062,
      "entropy_effective_n": 2.769540630121449,
      "normalized_entropy": 0.9272438324719572,
      "low_weight_threshold": 0.11666666666666665,
      "concentration_threshold": 0.8,
      "low_weight_count": 0,
      "extra_weight_mass_beyond_k4": 0.0,
      "max_extra_level_weight": 0.0,
      "n_extra_levels_under_threshold": 0,
      "concentration_status": "balanced"
    },
    {
      "n_levels": 4,
      "seed": 0,
      "weights": [
        0.14712506642285783,
        0.5164809861517026,
        0.2730280777292555,
        0.06336586969618402
      ],
      "min_weight": 0.06336586969618402,
      "max_weight": 0.5164809861517026,
      "top1_mass": 0.5164809861517026,
      "top2_mass": 0.7895090638809581,
      "tail_mass_excluding_top1": 0.48351901384829743,
      "hhi": 0.36695795889705163,
      "effective_n_inverse_hhi": 2.7251078107302895,
      "entropy": 1.1524641957313522,
      "entropy_effective_n": 3.1659849117427887,
      "normalized_entropy": 0.8313271899918547,
      "low_weight_threshold": 0.0875,
      "concentration_threshold": 0.85,
      "low_weight_count": 1,
      "extra_weight_mass_beyond_k4": 0.0,
      "max_extra_level_weight": 0.0,
      "n_extra_levels_under_threshold": 0,
      "concentration_status": "balanced"
    },
    {
      "n_levels": 5,
      "seed": 0,
      "weights": [
        0.26733009122547136,
        0.445165086153209,
        0.0878797060499965,
        0.05717781792937218,
        0.14244729864195096
      ],
      "min_weight": 0.05717781792937218,
      "max_weight": 0.445165086153209,
      "top1_mass": 0.445165086153209,
      "top2_mass": 0.7124951773786803,
      "tail_mass_excluding_top1": 0.554834913846791,
      "hhi": 0.3009207100934002,
      "effective_n_inverse_hhi": 3.32313452168054,
      "entropy": 1.3678804552672663,
      "entropy_effective_n": 3.927018377112563,
      "normalized_entropy": 0.849911913158859,
      "low_weight_threshold": 0.06999999999999999,
      "concentration_threshold": 0.88,
      "low_weight_count": 1,
      "extra_weight_mass_beyond_k4": 0.14244729864195096,
      "max_extra_level_weight": 0.14244729864195096,
      "n_extra_levels_under_threshold": 0,
      "concentration_status": "balanced"
    },
    {
      "n_levels": 6,
      "seed": 0,
      "weights": [
        0.16549638838487055,
        0.5167044093853465,
        0.08607157055688484,
        0.05196738160964371,
        0.0554872335207034,
        0.1242730165425511
      ],
      "min_weight": 0.05196738160964371,
      "max_weight": 0.5167044093853465,
      "top1_mass": 0.5167044093853465,
      "top2_mass": 0.682200797770217,
      "tail_mass_excluding_top1": 0.48329559061465355,
      "hhi": 0.323004040980553,
      "effective_n_inverse_hhi": 3.0959364996309957,
      "entropy": 1.423229897144216,
      "entropy_effective_n": 4.150504516706314,
      "normalized_entropy": 0.7943197296216257,
      "low_weight_threshold": 0.05833333333333333,
      "concentration_threshold": 0.9,
      "low_weight_count": 2,
      "extra_weight_mass_beyond_k4": 0.1797602500632545,
      "max_extra_level_weight": 0.1242730165425511,
      "n_extra_levels_under_threshold": 1,
      "concentration_status": "extra_level_degenerate"
    },
    {
      "n_levels": 7,
      "seed": 0,
      "weights": [
        0.09799563133038251,
        0.5621347164827459,
        0.086881266675398,
        0.04477176876499311,
        0.045145717073327304,
        0.05969933253648641,
        0.10337156713666673
      ],
      "min_weight": 0.04477176876499311,
      "max_weight": 0.5621347164827459,
      "top1_mass": 0.5621347164827459,
      "top2_mass": 0.6655062836194127,
      "tail_mass_excluding_top1": 0.43786528351725407,
      "hhi": 0.3514392759801023,
      "effective_n_inverse_hhi": 2.845441782826282,
      "entropy": 1.4454710512186502,
      "entropy_effective_n": 4.243850743126243,
      "normalized_entropy": 0.7428251771647254,
      "low_weight_threshold": 0.049999999999999996,
      "concentration_threshold": 0.9142857142857143,
      "low_weight_count": 2,
      "extra_weight_mass_beyond_k4": 0.20821661674648045,
      "max_extra_level_weight": 0.10337156713666673,
      "n_extra_levels_under_threshold": 1,
      "concentration_status": "extra_level_degenerate"
    },
    {
      "n_levels": 8,
      "seed": 0,
      "weights": [
        0.06998007916077323,
        0.5850200769661303,
        0.07991141916047327,
        0.039889459022998446,
        0.04036836740335791,
        0.04167609692784349,
        0.06113333871612902,
        0.08202116264229425
      ],
      "min_weight": 0.039889459022998446,
      "max_weight": 0.5850200769661303,
      "top1_mass": 0.5850200769661303,
      "top2_mass": 0.6670412396084247,
      "tail_mass_excluding_top1": 0.41497992303386966,
      "hhi": 0.3689539641519196,
      "effective_n_inverse_hhi": 2.710365241090735,
      "entropy": 1.4681585198261167,
      "entropy_effective_n": 4.341233480489738,
      "normalized_entropy": 0.7060350052640065,
      "low_weight_threshold": 0.04375,
      "concentration_threshold": 0.925,
      "low_weight_count": 3,
      "extra_weight_mass_beyond_k4": 0.2251989656896247,
      "max_extra_level_weight": 0.08202116264229425,
      "n_extra_levels_under_threshold": 2,
      "concentration_status": "extra_level_degenerate"
    }
  ]
}