{
  "levels": [
    {
      "n_levels": 1,
      "seed": 0,
      "rmse_mean": 0.07033821288496256,
      "mae_mean": 0.05473865568637848,
      "d1_rmse_mean": 0.03453748533502221,
      "d2_rmse_mean": 0.03068037750199437,
      "aic": -3316.8527780514396,
      "bic": -3156.0156239116827,
      "structure_score": 0.046990381027374094,
      "vr_physical_response_score": 0.28846311375377626,
      "vr_late_bias_pass": true,
      "high_vr_valley_depth_pass": true,
      "flatline_guard_pass": true,
      "segment_rmse_mean": 0.04356216120672618,
      "segment_d1_rmse_mean": 0.028691563694665415,
      "segment_d2_rmse_mean": 0.027953172559068692,
      "structure_segment_count": 32,
      "n_params": 36,
      "sse_total": 3.338444471359253,
      "n_points": 644,
      "weights": [
        1.0
      ],
      "energies": [
        11.651579856872559
      ],
      "energy_cluster_status": "separated",
      "cluster_count": 0,
      "effective_distinct_level_count": 1,
      "channel_degeneracy_status": "degenerate",
      "channel_degeneracy_reasons": [
        "top_heavy"
      ],
      "scorecard_path": "./output/robustness/leave_one_vr_out/vr_10p0/fullscan/levels/L01/seeds/seed_000/full/scorecard.json",
      "V_exc": 11.651579856872559,
      "V_exc_weighted": 11.651579856872559,
      "effective_excitation_mean": 11.651579856872559,
      "effective_excitation_std": 0.0,
      "damping": 0.004339891951531172,
      "osc_amp": 0.4148018956184387,
      "phase": -0.5473947525024414,
      "forward_reverse_status": "consistent",
      "level_energy_01": 11.651579856872559,
      "seed_count": 3,
      "rmse_seed_mean": 0.07033821288496256,
      "rmse_seed_std": 0.0,
      "rmse_seed_iqr": 0.0,
      "cv_rmse_mean": 0.07033821288496256
    },
    {
      "n_levels": 2,
      "seed": 0,
      "rmse_mean": 0.07106684520840645,
      "mae_mean": 0.055389707908034325,
      "d1_rmse_mean": 0.03497987613081932,
      "d2_rmse_mean": 0.030480358749628067,
      "aic": -3301.1601183827497,
      "bic": -3131.387566790784,
      "structure_score": 0.047374326249329614,
      "vr_physical_response_score": 0.3251482170771777,
      "vr_late_bias_pass": true,
      "high_vr_valley_depth_pass": true,
      "flatline_guard_pass": true,
      "segment_rmse_mean": 0.04398466031999572,
      "segment_d1_rmse_mean": 0.02881138851638272,
      "segment_d2_rmse_mean": 0.02542635388478111,
      "structure_segment_count": 32,
      "n_params": 38,
      "sse_total": 3.3996118903160095,
      "n_points": 644,
      "weights": [
        0.5153588056564331,
        0.4846411943435669
      ],
      "energies": [
        11.556281089782715,
        11.774578094482422
      ],
      "energy_cluster_status": "separated",
      "cluster_count": 0,
      "effective_distinct_level_count": 2,
      "channel_degeneracy_status": "balanced",
      "channel_degeneracy_reasons": [],
      "scorecard_path": "./output/robustness/leave_one_vr_out/vr_10p0/fullscan/levels/L02/seeds/seed_000/full/scorecard.json",
      "V_exc": 11.556281089782715,
      "V_exc_weighted": 11.662076810862004,
      "effective_excitation_mean": 11.662076810862004,
      "effective_excitation_std": 0.10909699548093765,
      "damping": 0.004017283208668232,
      "osc_amp": 0.42044156789779663,
      "phase": -0.49873828887939453,
      "forward_reverse_status": "consistent",
      "level_energy_01": 11.556281089782715,
      "level_energy_02": 11.774578094482422,
      "seed_count": 3,
      "rmse_seed_mean": 0.07106684520840645,
      "rmse_seed_std": 0.0,
      "rmse_seed_iqr": 0.0,
      "cv_rmse_mean": 0.07106684520840645
    },
    {
      "n_levels": 3,
      "seed": 0,
      "rmse_mean": 0.07179426588118076,
      "mae_mean": 0.056042579002678394,
      "d1_rmse_mean": 0.03534736158326268,
      "d2_rmse_mean": 0.03060338646173477,
      "aic": -3286.2681686600113,
      "bic": -3107.560219615837,
      "structure_score": 0.04835078853267927,
      "vr_physical_response_score": 0.3639129034387387,
      "vr_late_bias_pass": true,
      "high_vr_valley_depth_pass": true,
      "flatline_guard_pass": true,
      "segment_rmse_mean": 0.04489913949264186,
      "segment_d1_rmse_mean": 0.02941583298678572,
      "segment_d2_rmse_mean": 0.02550328706794164,
      "structure_segment_count": 32,
      "n_params": 40,
      "sse_total": 3.457598388195038,
      "n_points": 644,
      "weights": [
        0.3016766905784607,
        0.5106779932975769,
        0.18764537572860718
      ],
      "energies": [
        11.486641883850098,
        11.685266494750977,
        11.927560806274414
      ],
      "energy_cluster_status": "separated",
      "cluster_count": 0,
      "effective_distinct_level_count": 3,
      "channel_degeneracy_status": "balanced",
      "channel_degeneracy_reasons": [],
      "scorecard_path": "./output/robustness/leave_one_vr_out/vr_10p0/fullscan/levels/L03/seeds/seed_000/full/scorecard.json",
      "V_exc": 11.486641883850098,
      "V_exc_weighted": 11.670812183085843,
      "effective_excitation_mean": 11.670812183085843,
      "effective_excitation_std": 0.15069416524780627,
      "damping": 0.0037521820049732924,
      "osc_amp": 0.4265400469303131,
      "phase": -0.45922374725341797,
      "forward_reverse_status": "consistent",
      "level_energy_01": 11.486641883850098,
      "level_energy_02": 11.685266494750977,
      "level_energy_03": 11.927560806274414,
      "seed_count": 3,
      "rmse_seed_mean": 0.07179426588118076,
      "rmse_seed_std": 0.0,
      "rmse_seed_iqr": 0.0,
      "cv_rmse_mean": 0.07179426588118076
    },
    {
      "n_levels": 4,
      "seed": 0,
      "rmse_mean": 0.07220404874533415,
      "mae_mean": 0.056376867927610874,
      "d1_rmse_mean": 0.03528151195496321,
      "d2_rmse_mean": 0.030375946313142776,
      "aic": -3276.1342155169327,
      "bic": -3088.49086902055,
      "structure_score": 0.048729521065464805,
      "vr_physical_response_score": 0.3568524025320038,
      "vr_late_bias_pass": true,
      "high_vr_valley_depth_pass": true,
      "flatline_guard_pass": true,
      "segment_rmse_mean": 0.04533464168329627,
      "segment_d1_rmse_mean": 0.02896677000234734,
      "segment_d2_rmse_mean": 0.02491011909669011,
      "structure_segment_count": 32,
      "n_params": 42,
      "sse_total": 3.4906885623931885,
      "n_points": 644,
      "weights": [
        0.14712506532669067,
        0.5164809823036194,
        0.27302807569503784,
        0.0633658692240715
      ],
      "energies": [
        11.407721519470215,
        11.629659652709961,
        11.80661392211914,
        12.204338073730469
      ],
      "energy_cluster_status": "separated",
      "cluster_count": 0,
      "effective_distinct_level_count": 4,
      "channel_degeneracy_status": "degenerate",
      "channel_degeneracy_reasons": [
        "low_weight"
      ],
      "scorecard_path": "./output/robustness/leave_one_vr_out/vr_10p0/fullscan/levels/L04/seeds/seed_000/full/scorecard.json",
      "V_exc": 11.407721519470215,
      "V_exc_weighted": 11.681735385045954,
      "effective_excitation_mean": 11.681735385045954,
      "effective_excitation_std": 0.18442117707163844,
      "damping": 0.0035692700184881687,
      "osc_amp": 0.4331575930118561,
      "phase": -0.431551456451416,
      "forward_reverse_status": "consistent",
      "level_energy_01": 11.407721519470215,
      "level_energy_02": 11.629659652709961,
      "level_energy_03": 11.80661392211914,
      "level_energy_04": 12.204338073730469,
      "seed_count": 3,
      "rmse_seed_mean": 0.07220404874533415,
      "rmse_seed_std": 0.0,
      "rmse_seed_iqr": 0.0,
      "cv_rmse_mean": 0.07220404874533415
    },
    {
      "n_levels": 5,
      "seed": 0,
      "rmse_mean": 0.07174840662628412,
      "mae_mean": 0.05404886230826378,
      "d1_rmse_mean": 0.035535454750061035,
      "d2_rmse_mean": 0.03097868151962757,
      "aic": -3284.4024768638888,
      "bic": -3087.823732915297,