n_levels,composite_rank_score,rmse_rank,cv_rank,d1_rank,d2_rank,structure_rank,physical_rank,bic_rank,aic_rank,degeneracy_penalty,rmse_mean,cv_rmse_mean,d1_rmse_mean,d2_rmse_mean,structure_score,vr_physical_response_score,bic,aic,channel_degeneracy_status,channel_degeneracy_reasons,energy_cluster_status,effective_distinct_level_count
1,50.75,6.0,6.0,8.0,8.0,7.0,8.0,2.0,6.0,1.0,0.0802049107849598,0.0802049107849598,0.0452613539993762,0.0473026603460311,0.0671709122103328,0.652343023840974,-3747.874564814343,-3930.817413633667,degenerate,['top_heavy'],separated,1
2,49.0,7.0,7.0,6.0,7.0,6.0,7.0,4.0,7.0,0.0,0.0804575867950916,0.0804575867950916,0.0449649035930633,0.0446821853518486,0.0666190635216373,0.5962178292797833,-3732.161888257134,-3924.486421631295,balanced,[],separated,2
3,56.0,8.0,8.0,7.0,6.0,8.0,6.0,7.0,8.0,0.0,0.0812141396105289,0.0812141396105289,0.0450685784220695,0.0427842326462268,0.0675420706728598,0.5910340593597754,-3708.634911484118,-3910.341129413117,balanced,[],separated,3
4,15.0,1.0,1.0,3.0,4.0,2.0,1.0,1.0,1.0,1.0,0.077352237701416,0.077352237701416,0.0398880422115325,0.0365628771483898,0.0540880708478892,0.3105864885861311,-3759.7109890287834,-3970.798891512618,degenerate,['low_weight'],separated,4
5,32.25,5.0,5.0,5.0,5.0,5.0,2.0,3.0,2.0,0.0,0.0778778642416,0.0778778642416,0.0404757387936115,0.0370093077421188,0.0554816741017527,0.3421688782490366,-3739.788348979717,-3960.2579360183895,balanced,[],separated,5
6,30.5,4.0,4.0,4.0,3.0,4.0,3.0,5.0,3.0,1.0,0.0776951223611831,0.0776951223611831,0.0399768278002738,0.0359733745455741,0.0548131320023203,0.3575926958545437,-3728.3934614346526,-3958.244733028162,degenerate,['low_weight'],separated,6
7,26.75,3.0,3.0,2.0,2.0,3.0,5.0,6.0,4.0,0.0,0.0776476837694644,0.0776476837694644,0.0395772315561771,0.0354089807718992,0.05448574751196,0.3617147895378795,-3716.2271915672577,-3955.460147715604,balanced,[],separated,7
8,21.75,2.0,2.0,1.0,1.0,1.0,4.0,8.0,5.0,0.0,0.0774084359407425,0.0774084359407425,0.0392353177070617,0.0350765790790319,0.0539043696172571,0.3612937251242195,-3706.6417272658023,-3955.2563679689865,balanced,[],separated,8
