{
  "channel_degeneracy_summary": [
    {
      "n_levels": 1,
      "weights": [
        1.0
      ],
      "min_weight": 1.0,
      "max_weight": 1.0,
      "top1_mass": 1.0,
      "top2_mass": 1.0,
      "hhi": 1.0,
      "effective_n_inverse_hhi": 1.0,
      "entropy": -1.000088900581841e-12,
      "entropy_effective_n": 0.9999999999989999,
      "normalized_entropy": -1.4428232973175177e-12,
      "low_weight_threshold": 0.35,
      "concentration_threshold": 0.78,
      "low_weight_count": 0,
      "channel_degeneracy_status": "degenerate",
      "channel_degeneracy_reasons": [
        "top_heavy"
      ],
      "energy_cluster_status": "separated",
      "cluster_count": 0,
      "clustered_level_indices": [],
      "cluster_centers_eV": [],
      "cluster_spans_eV": [],
      "cluster_weight_mass": [],
      "clustered_level_count": 0,
      "effective_distinct_level_count": 1,
      "cluster_tolerance_eV": 0.02
    },
    {
      "n_levels": 2,
      "weights": [
        0.5003416538238525,
        0.49965834617614746
      ],
      "min_weight": 0.49965834617614746,
      "max_weight": 0.5003416538238525,
      "top1_mass": 0.5003416538238525,
      "top2_mass": 1.0,
      "hhi": 0.5000002334546707,
      "effective_n_inverse_hhi": 1.9999990661817533,
      "entropy": 0.6931469471032565,
      "entropy_effective_n": 1.9999995330866769,
      "normalized_entropy": 0.9999996631931929,
      "low_weight_threshold": 0.175,
      "concentration_threshold": 0.78,
      "low_weight_count": 0,
      "channel_degeneracy_status": "balanced",
      "channel_degeneracy_reasons": [],
      "energy_cluster_status": "separated",
      "cluster_count": 0,
      "clustered_level_indices": [],
      "cluster_centers_eV": [],
      "cluster_spans_eV": [],
      "cluster_weight_mass": [],
      "clustered_level_count": 0,
      "effective_distinct_level_count": 2,
      "cluster_tolerance_eV": 0.02
    },
    {
      "n_levels": 3,
      "weights": [
        0.29697560821509944,
        0.5068099423228213,
        0.19621444946207928
      ],
      "min_weight": 0.19621444946207928,
      "max_weight": 0.5068099423228213,
      "top1_mass": 0.5068099423228213,
      "top2_mass": 0.8037855505379208,
      "hhi": 0.3835509396896965,
      "effective_n_inverse_hhi": 2.6072156173285044,
      "entropy": 1.0245418955942833,
      "entropy_effective_n": 2.7858189722609943,
      "normalized_entropy": 0.9325782226925343,
      "low_weight_threshold": 0.11666666666666665,
      "concentration_threshold": 0.8,
      "low_weight_count": 0,
      "channel_degeneracy_status": "balanced",
      "channel_degeneracy_reasons": [],
      "energy_cluster_status": "separated",
      "cluster_count": 0,
      "clustered_level_indices": [],
      "cluster_centers_eV": [],
      "cluster_spans_eV": [],
      "cluster_weight_mass": [],
      "clustered_level_count": 0,
      "effective_distinct_level_count": 3,
      "cluster_tolerance_eV": 0.02
    },
    {
      "n_levels": 4,
      "weights": [
        0.17932347151681163,
        0.5362468718179969,
        0.22351238622461023,
        0.060917270440581275
      ],
      "min_weight": 0.060917270440581275,
      "max_weight": 0.5362468718179969,
      "top1_mass": 0.5362468718179969,
      "top2_mass": 0.7597592580426071,
      "hhi": 0.37338631560517815,
      "effective_n_inverse_hhi": 2.6781913482266138,
      "entropy": 1.1476938886528023,
      "entropy_effective_n": 3.1509181566034314,
      "normalized_entropy": 0.827886140808984,
      "low_weight_threshold": 0.0875,
      "concentration_threshold": 0.85,
      "low_weight_count": 1,
      "channel_degeneracy_status": "degenerate",
      "channel_degeneracy_reasons": [
        "low_weight"
      ],
      "energy_cluster_status": "separated",
      "cluster_count": 0,
      "clustered_level_indices": [],
      "cluster_centers_eV": [],
      "cluster_spans_eV": [],
      "cluster_weight_mass": [],
      "clustered_level_count": 0,
      "effective_distinct_level_count": 4,
      "cluster_tolerance_eV": 0.02
    },
    {
      "n_levels": 5,
      "weights": [
        0.3680265778916025,
        0.3770463109381023,
        0.08512728455351233,
        0.04669415873959921,
        0.12310566787718369
      ],
      "min_weight": 0.04669415873959921,
      "max_weight": 0.3770463109381023,
      "top1_mass": 0.3770463109381023,
      "top2_mass": 0.7450728888297048,
      "hhi": 0.30218948712597693,
      "effective_n_inverse_hhi": 3.3091819623199514,
      "entropy": 1.3463140181562292,
      "entropy_effective_n": 3.8432333024434704,
      "normalized_entropy": 0.8365119323677888,
      "low_weight_threshold": 0.06999999999999999,
      "concentration_threshold": 0.88,
      "low_weight_count": 1,
      "channel_degeneracy_status": "degenerate",
      "channel_degeneracy_reasons": [
        "low_weight"
      ],
      "energy_cluster_status": "separated",
      "cluster_count": 0,
      "clustered_level_indices": [],
      "cluster_centers_eV": [],
      "cluster_spans_eV": [],
      "cluster_weight_mass": [],
      "clustered_level_count": 0,
      "effective_distinct_level_count": 5,
      "cluster_tolerance_eV": 0.02
    },
    {
      "n_levels": 6,
      "weights": [
        0.18346525510165326,
        0.49841688401839845,
        0.10244645714327161,
        0.05338344970872163,
        0.05265055479010988,
        0.10963739923784517
      ],
      "min_weight": 0.05265055479010988,
      "max_weight": 0.49841688401839845,
      "top1_mass": 0.49841688401839845,
      "top2_mass": 0.6818821391200517,
      "hhi": 0.31021639961948116,
      "effective_n_inverse_hhi": 3.22355620536704,
      "entropy": 1.4453762848875176,
      "entropy_effective_n": 4.243448588017126,
      "normalized_entropy": 0.8066798639608865,
      "low_weight_threshold": 0.05833333333333333,
      "concentration_threshold": 0.9,
      "low_weight_count": 2,
      "channel_degeneracy_status": "degenerate",
      "channel_degeneracy_reasons": [
        "low_weight"
      ],
      "energy_cluster_status": "separated",
      "cluster_count": 0,
      "clustered_level_indices": [],
      "cluster_centers_eV": [],
      "cluster_spans_eV": [],
      "cluster_weight_mass": [],
      "clustered_level_count": 0,
      "effective_distinct_level_count": 6,
      "cluster_tolerance_eV": 0.02
    },
    {
      "n_levels": 7,
      "weights": [
        0.10914299772253273,
        0.5551850485512029,
        0.09919714373366104,
        0.05036743448856653,
        0.036985745449415665,
        0.059042469093065576,
        0.09007916096155563
      ],
      "min_weight": 0.036985745449415665,
      "max_weight": 0.5551850485512029,
      "top1_mass": 0.5551850485512029,
      "top2_mass": 0.6643280462737357,
      "hhi": 0.34548779763113135,
      "effective_n_inverse_hhi": 2.8944582322634584,
      "entropy": 1.4540283927984292,
      "entropy_effective_n": 4.280322652277347,
      "normalized_entropy": 0.7472227808176656,
      "low_weight_threshold": 0.049999999999999996,
      "concentration_threshold": 0.9142857142857143,
      "low_weight_count": 1,
      "channel_degeneracy_status": "degenerate",
      "channel_degeneracy_reasons": [
        "low_weight"
      ],
      "energy_cluster_status": "separated",
      "cluster_count": 0,
      "clustered_level_indices": [],
      "cluster_centers_eV": [],
      "cluster_spans_eV": [],
      "cluster_weight_mass": [],
      "clustered_level_count": 0,
      "effective_distinct_level_count": 7,
      "cluster_tolerance_eV": 0.02
    },
    {
      "n_levels": 8,
      "weights": [
        0.07144223818806293,
        0.5911874109001375,
        0.09001434493793907,
        0.044582414873885944,
        0.03404447770814064,
        0.039301260866583206,
        0.05896534332299221,
        0.07046250920225856
      ],
      "min_weight": 0.03404447770814064,
      "max_weight": 0.5911874109001375,
      "top1_mass": 0.5911874109001375,