{
  "levels": [
    {
      "n_levels": 1,
      "seed": 0,
      "rmse_mean": 0.05684455204755068,
      "mae_mean": 0.04371027462184429,
      "d1_rmse_mean": 0.029199350625276566,
      "d2_rmse_mean": 0.030122282914817333,
      "aic": -3574.6564057604805,
      "bic": -3413.8192516207237,
      "structure_score": 0.03914093206240317,
      "vr_physical_response_score": 0.2521160487237015,
      "vr_late_bias_pass": true,
      "high_vr_valley_depth_pass": true,
      "flatline_guard_pass": true,
      "segment_rmse_mean": 0.03594444472112002,
      "segment_d1_rmse_mean": 0.025817710937533603,
      "segment_d2_rmse_mean": 0.030735812376489334,
      "structure_segment_count": 33,
      "n_params": 36,
      "sse_total": 2.2371187806129456,
      "n_points": 644,
      "weights": [
        1.0
      ],
      "energies": [
        11.652615547180176
      ],
      "energy_cluster_status": "separated",
      "cluster_count": 0,
      "effective_distinct_level_count": 1,
      "channel_degeneracy_status": "degenerate",
      "channel_degeneracy_reasons": [
        "top_heavy"
      ],
      "scorecard_path": "./output/robustness/leave_one_vr_out/vr_0p0/fullscan/levels/L01/seeds/seed_000/full/scorecard.json",
      "V_exc": 11.652615547180176,
      "V_exc_weighted": 11.652615547180176,
      "effective_excitation_mean": 11.652615547180176,
      "effective_excitation_std": 0.0,
      "damping": 0.004090408328920603,
      "osc_amp": 0.4675496220588684,
      "phase": -1.8666110038757324,
      "forward_reverse_status": "consistent",
      "level_energy_01": 11.652615547180176,
      "seed_count": 3,
      "rmse_seed_mean": 0.05684455204755068,
      "rmse_seed_std": 0.0,
      "rmse_seed_iqr": 0.0,
      "cv_rmse_mean": 0.05684455204755068
    },
    {
      "n_levels": 2,
      "seed": 0,
      "rmse_mean": 0.05761238466948271,
      "mae_mean": 0.044368477538228035,
      "d1_rmse_mean": 0.0294608473777771,
      "d2_rmse_mean": 0.028424959164112806,
      "aic": -3553.5863017447296,
      "bic": -3383.813750152764,
      "structure_score": 0.03954330443674154,
      "vr_physical_response_score": 0.27597332872995517,
      "vr_late_bias_pass": true,
      "high_vr_valley_depth_pass": true,
      "flatline_guard_pass": true,
      "segment_rmse_mean": 0.036486726269643555,
      "segment_d1_rmse_mean": 0.025284040059497036,
      "segment_d2_rmse_mean": 0.026408708057414226,
      "structure_segment_count": 33,
      "n_params": 38,
      "sse_total": 2.2972095608711243,
      "n_points": 644,
      "weights": [
        0.5003416538238525,
        0.49965834617614746
      ],
      "energies": [
        11.551082611083984,
        11.76501750946045
      ],
      "energy_cluster_status": "separated",
      "cluster_count": 0,
      "effective_distinct_level_count": 2,
      "channel_degeneracy_status": "balanced",
      "channel_degeneracy_reasons": [],
      "scorecard_path": "./output/robustness/leave_one_vr_out/vr_0p0/fullscan/levels/L02/seeds/seed_000/full/scorecard.json",
      "V_exc": 11.551082611083984,
      "V_exc_weighted": 11.657976968596131,
      "effective_excitation_mean": 11.657976968596131,
      "effective_excitation_std": 0.10696742421617887,
      "damping": 0.003755558282136917,
      "osc_amp": 0.4730132818222046,
      "phase": -1.8439216613769531,
      "forward_reverse_status": "consistent",
      "level_energy_01": 11.551082611083984,
      "level_energy_02": 11.76501750946045,
      "seed_count": 3,
      "rmse_seed_mean": 0.05761238466948271,
      "rmse_seed_std": 0.0,
      "rmse_seed_iqr": 0.0,
      "cv_rmse_mean": 0.05761238466948271
    },
    {
      "n_levels": 3,
      "seed": 0,
      "rmse_mean": 0.05855986848473549,
      "mae_mean": 0.04508923087269068,
      "d1_rmse_mean": 0.030020464211702347,
      "d2_rmse_mean": 0.028538059908896685,
      "aic": -3530.564643370986,
      "bic": -3351.8566943268115,
      "structure_score": 0.04041739797739092,
      "vr_physical_response_score": 0.3053436822038356,
      "vr_late_bias_pass": true,
      "high_vr_valley_depth_pass": true,
      "flatline_guard_pass": true,
      "segment_rmse_mean": 0.03732541112170503,
      "segment_d1_rmse_mean": 0.025653300727817765,
      "segment_d2_rmse_mean": 0.026332839145205664,
      "structure_segment_count": 33,
      "n_params": 40,
      "sse_total": 2.36607363820076,
      "n_points": 644,
      "weights": [
        0.29697561264038086,
        0.5068099498748779,
        0.1962144523859024
      ],
      "energies": [
        11.48238754272461,
        11.678563117980957,
        11.924007415771484
      ],
      "energy_cluster_status": "separated",
      "cluster_count": 0,
      "effective_distinct_level_count": 3,
      "channel_degeneracy_status": "balanced",
      "channel_degeneracy_reasons": [],
      "scorecard_path": "./output/robustness/leave_one_vr_out/vr_0p0/fullscan/levels/L03/seeds/seed_000/full/scorecard.json",
      "V_exc": 11.48238754272461,
      "V_exc_weighted": 11.668463648840486,
      "effective_excitation_mean": 11.668463648840486,
      "effective_excitation_std": 0.1521433182209729,
      "damping": 0.0034337895922362804,
      "osc_amp": 0.4787540137767792,
      "phase": -1.803724765777588,
      "forward_reverse_status": "consistent",
      "level_energy_01": 11.48238754272461,
      "level_energy_02": 11.678563117980957,
      "level_energy_03": 11.924007415771484,
      "seed_count": 3,
      "rmse_seed_mean": 0.05855986848473549,
      "rmse_seed_std": 0.0,
      "rmse_seed_iqr": 0.0,
      "cv_rmse_mean": 0.05855986848473549
    },
    {
      "n_levels": 4,
      "seed": 0,
      "rmse_mean": 0.05901890806853771,
      "mae_mean": 0.045339553616940975,
      "d1_rmse_mean": 0.029683454427868128,
      "d2_rmse_mean": 0.028156980872154236,
      "aic": -3517.9362281145754,
      "bic": -3330.2928816181925,
      "structure_score": 0.04059006096831878,
      "vr_physical_response_score": 0.27919373982320955,
      "vr_late_bias_pass": true,
      "high_vr_valley_depth_pass": true,
      "flatline_guard_pass": true,
      "segment_rmse_mean": 0.03755704328986677,
      "segment_d1_rmse_mean": 0.02517293900859177,
      "segment_d2_rmse_mean": 0.025786188879641694,
      "structure_segment_count": 33,
      "n_params": 42,
      "sse_total": 2.3979879915714264,
      "n_points": 644,
      "weights": [
        0.1793234795331955,
        0.5362468957901001,
        0.22351239621639252,
        0.06091727316379547
      ],
      "energies": [
        11.445185661315918,
        11.648378372192383,
        11.838778495788574,
        12.259748458862305
      ],
      "energy_cluster_status": "separated",
      "cluster_count": 0,
      "effective_distinct_level_count": 4,
      "channel_degeneracy_status": "degenerate",
      "channel_degeneracy_reasons": [
        "low_weight"
      ],
      "scorecard_path": "./output/robustness/leave_one_vr_out/vr_0p0/fullscan/levels/L04/seeds/seed_000/full/scorecard.json",
      "V_exc": 11.445185661315918,
      "V_exc_weighted": 11.69174145542405,
      "effective_excitation_mean": 11.69174145542405,
      "effective_excitation_std": 0.19077615023757363,
      "damping": 0.00322741293348372,
      "osc_amp": 0.48514294624328613,
      "phase": -1.7408418655395508,
      "forward_reverse_status": "consistent",
      "level_energy_01": 11.445185661315918,
      "level_energy_02": 11.648378372192383,
      "level_energy_03": 11.838778495788574,
      "level_energy_04": 12.259748458862305,
      "seed_count": 3,
      "rmse_seed_mean": 0.05901890806853771,
      "rmse_seed_std": 0.0,
      "rmse_seed_iqr": 0.0,
      "cv_rmse_mean": 0.05901890806853771
    },
    {
      "n_levels": 5,
      "seed": 0,
      "rmse_mean": 0.056799283251166344,
      "mae_mean": 0.040627853479236364,
      "d1_rmse_mean": 0.028925866819918156,
      "d2_rmse_mean": 0.028026625514030457,
      "aic": -3558.374014590698,
      "bic": -3361.7952706421065,