{
  "n_levels": 4,
  "V_exc": 11.500251770019531,
  "V_exc_weighted": 12.079266936845741,
  "effective_excitation_mean": 12.079266936845741,
  "effective_excitation_std": 0.8670398160120402,
  "amp": 2.103769540786743,
  "offset": 0.05641043186187744,
  "v_emit": 4.299143314361572,
  "power": 1.0957448482513428,
  "osc_amp": 0.596869945526123,
  "width": 2.4792871475219727,
  "damping": 0.00486446637660265,
  "phase": -1.7662239074707031,
  "vr_scale": 1.0110105276107788,
  "slope": 0.010771850124001503,
  "collector_threshold": 4.048244476318359,
  "collector_width": 7.099123954772949,
  "collector_floor": 0.4538465142250061,
  "vr_contrast": 0.3041478991508484,
  "late_contrast": 0.05140024423599243,
  "vr_late_contrast": 0.384047269821167,
  "late_onset": 48.88938522338867,
  "late_width": 7.769683361053467,
  "high_energy_loss_strength": 0.1047246903181076,
  "high_energy_loss_onset": 72.53614807128906,
  "high_energy_loss_width": 11.7850923538208,
  "vr_late_baseline": -0.008340045809745789,
  "level_energy_01": 11.500251770019531,
  "level_energy_02": 11.739255905151367,
  "level_energy_03": 12.59369945526123,
  "level_energy_04": 13.96471881866455,
  "level_weight_01": 0.3593961000442505,
  "level_weight_02": 0.3961048126220703,
  "level_weight_03": 0.08622404932975769,
  "level_weight_04": 0.15827499330043793
}