{
  "n_levels": 4,
  "seed": 0,
  "status": "completed",
  "stage": "full_sweep",
  "hyperopt_stage": "",
  "epoch": 3500,
  "epochs": 3500,
  "loss_total": 0.012071991339325905,
  "loss_monitor": 0.017887916415929794,
  "loss_raw": 0.00644370261579752,
  "loss_d1": 0.001647288678213954,
  "loss_d2": 0.001347431680187583,
  "loss_peak_window": 0.005735799204558134,
  "loss_vr_late_bias": 0.00011067179730162024,
  "loss_vr_amplitude_ratio": 0.03627706691622734,
  "loss_high_vr_valley_depth": 0.0009278430370613933,
  "structure_monitor": 0.043051380664110184,
  "best_epoch": 3500,
  "early_stop": false,
  "heartbeat": 1782639902.9639301,
  "elapsed_seconds": 41.88351580000017,
  "eta_hint": "complete",
  "checkpoint_last": "checkpoint_last.pt",
  "checkpoint_best": "checkpoint_best.pt"
}