{
  "weight_diagnostics": [
    {
      "n_levels": 1,
      "seed": 0,
      "weights": [
        1.0
      ],
      "min_weight": 1.0,
      "max_weight": 1.0,
      "top1_mass": 1.0,
      "top2_mass": 1.0,
      "tail_mass_excluding_top1": 0.0,
      "hhi": 1.0,
      "effective_n_inverse_hhi": 1.0,
      "entropy": -1.000088900581841e-12,
      "entropy_effective_n": 0.9999999999989999,
      "normalized_entropy": -1.4428232973175177e-12,
      "low_weight_threshold": 0.35,
      "concentration_threshold": 0.78,
      "low_weight_count": 0,
      "extra_weight_mass_beyond_k4": 0.0,
      "max_extra_level_weight": 0.0,
      "n_extra_levels_under_threshold": 0,
      "concentration_status": "top_heavy"
    },
    {
      "n_levels": 2,
      "seed": 0,
      "weights": [
        0.5435362186155449,
        0.45646378138445504
      ],
      "min_weight": 0.45646378138445504,
      "max_weight": 0.5435362186155449,
      "top1_mass": 0.5435362186155449,
      "top2_mass": 1.0,
      "tail_mass_excluding_top1": 0.4564637813844551,
      "hhi": 0.503790804662681,
      "effective_n_inverse_hhi": 1.9849508779136245,
      "entropy": 0.6893515712427547,
      "entropy_effective_n": 1.992423169805652,
      "normalized_entropy": 0.9945240932609372,
      "low_weight_threshold": 0.175,
      "concentration_threshold": 0.78,
      "low_weight_count": 0,
      "extra_weight_mass_beyond_k4": 0.0,
      "max_extra_level_weight": 0.0,
      "n_extra_levels_under_threshold": 0,
      "concentration_status": "balanced"
    },
    {
      "n_levels": 3,
      "seed": 0,
      "weights": [
        0.26557244057532137,
        0.49937518683263005,
        0.23505237259204861
      ],
      "min_weight": 0.23505237259204861,
      "max_weight": 0.49937518683263005,
      "top1_mass": 0.49937518683263005,
      "top2_mass": 0.7649476274079514,
      "tail_mass_excluding_top1": 0.50062481316737,
      "hhi": 0.375153916278408,
      "effective_n_inverse_hhi": 2.6655725999615667,
      "entropy": 1.0392221884064985,
      "entropy_effective_n": 2.8270172721606563,
      "normalized_entropy": 0.9459408010685806,
      "low_weight_threshold": 0.11666666666666665,
      "concentration_threshold": 0.8,
      "low_weight_count": 0,
      "extra_weight_mass_beyond_k4": 0.0,
      "max_extra_level_weight": 0.0,
      "n_extra_levels_under_threshold": 0,
      "concentration_status": "balanced"
    },
    {
      "n_levels": 4,
      "seed": 0,
      "weights": [
        0.3549111002357475,
        0.39248026350616033,
        0.0847841233500178,
        0.16782451290807432
      ],
      "min_weight": 0.0847841233500178,
      "max_weight": 0.39248026350616033,
      "top1_mass": 0.39248026350616033,
      "top2_mass": 0.7473913637419078,
      "tail_mass_excluding_top1": 0.6075197364938396,
      "hhi": 0.3153560610174773,
      "effective_n_inverse_hhi": 3.171018805770088,
      "entropy": 1.2434793508587159,
      "entropy_effective_n": 3.4676576973436717,
      "normalized_entropy": 0.8969807464658484,
      "low_weight_threshold": 0.0875,
      "concentration_threshold": 0.85,
      "low_weight_count": 1,
      "extra_weight_mass_beyond_k4": 0.0,
      "max_extra_level_weight": 0.0,
      "n_extra_levels_under_threshold": 0,
      "concentration_status": "balanced"
    },
    {
      "n_levels": 5,
      "seed": 0,
      "weights": [
        0.17633153017630462,
        0.4636637944358817,
        0.12946489496548902,
        0.07119160840009059,
        0.15934817202223406
      ],
      "min_weight": 0.07119160840009059,
      "max_weight": 0.4636637944358817,
      "top1_mass": 0.4636637944358817,
      "top2_mass": 0.6399953246121863,
      "tail_mass_excluding_top1": 0.5363362055641183,
      "hhi": 0.293298166866841,
      "effective_n_inverse_hhi": 3.4094996592801943,
      "entropy": 1.4078290878619493,
      "entropy_effective_n": 4.087073089618118,
      "normalized_entropy": 0.8747333941778223,
      "low_weight_threshold": 0.06999999999999999,
      "concentration_threshold": 0.88,
      "low_weight_count": 0,
      "extra_weight_mass_beyond_k4": 0.15934817202223406,
      "max_extra_level_weight": 0.15934817202223406,
      "n_extra_levels_under_threshold": 0,
      "concentration_status": "balanced"
    },
    {
      "n_levels": 6,
      "seed": 0,
      "weights": [
        0.14091483283470693,
        0.48876016172618275,
        0.11295039627516255,
        0.05768845445247198,
        0.05739348595565132,
        0.14229266875582444
      ],
      "min_weight": 0.05739348595565132,
      "max_weight": 0.48876016172618275,
      "top1_mass": 0.48876016172618275,
      "top2_mass": 0.6310528304820072,
      "tail_mass_excluding_top1": 0.5112398382738172,
      "hhi": 0.2983704514110652,
      "effective_n_inverse_hhi": 3.351538315107146,
      "entropy": 1.4783952511217253,
      "entropy_effective_n": 4.385901759639004,
      "normalized_entropy": 0.8251080998939346,
      "low_weight_threshold": 0.05833333333333333,
      "concentration_threshold": 0.9,
      "low_weight_count": 2,
      "extra_weight_mass_beyond_k4": 0.19968615471147577,
      "max_extra_level_weight": 0.14229266875582444,
      "n_extra_levels_under_threshold": 1,
      "concentration_status": "extra_level_degenerate"
    },
    {
      "n_levels": 7,
      "seed": 0,
      "weights": [
        0.10375993389606673,
        0.5168186272138766,
        0.10409561234427654,
        0.049566863490138544,
        0.052486373410034974,
        0.058162255341939466,
        0.11511033430366711
      ],
      "min_weight": 0.049566863490138544,
      "max_weight": 0.5168186272138766,
      "top1_mass": 0.5168186272138766,
      "top2_mass": 0.6319289615175437,
      "tail_mass_excluding_top1": 0.4831813727861234,
      "hhi": 0.3105484441866327,
      "effective_n_inverse_hhi": 3.220109515019893,
      "entropy": 1.5296347384894453,
      "entropy_effective_n": 4.616490288089427,
      "normalized_entropy": 0.786076756540913,
      "low_weight_threshold": 0.049999999999999996,
      "concentration_threshold": 0.9142857142857143,
      "low_weight_count": 1,
      "extra_weight_mass_beyond_k4": 0.22575896305564155,
      "max_extra_level_weight": 0.11511033430366711,
      "n_extra_levels_under_threshold": 0,
      "concentration_status": "balanced"
    },
    {
      "n_levels": 8,
      "seed": 0,
      "weights": [
        0.03810022086573817,
        0.11483786059009682,
        0.5152326996061228,
        0.07835357739113755,
        0.046699114041848074,
        0.04636554785057138,
        0.06375746651491425,
        0.09665351313957092
      ],
      "min_weight": 0.03810022086573817,
      "max_weight": 0.5152326996061228,
      "top1_mass": 0.5152326996061228,
      "top2_mass": 0.6300705601962197,
      "tail_mass_excluding_top1": 0.48476730039387717,
      "hhi": 0.30398086630672944,
      "effective_n_inverse_hhi": 3.2896807359939495,
      "entropy": 1.6010600303268578,
      "entropy_effective_n": 4.95828557273126,
      "normalized_entropy": 0.7699471219726971,
      "low_weight_threshold": 0.04375,
      "concentration_threshold": 0.925,
      "low_weight_count": 1,
      "extra_weight_mass_beyond_k4": 0.2534756415469046,
      "max_extra_level_weight": 0.09665351313957092,
      "n_extra_levels_under_threshold": 0,
      "concentration_status": "balanced"
    }
  ]
}