{
  "levels": [
    {
      "n_levels": 1,
      "seed": 0,
      "rmse_mean": 0.08177859615534544,
      "mae_mean": 0.06494005490094423,
      "d1_rmse_mean": 0.046881942078471184,
      "d2_rmse_mean": 0.0506536066532135,
      "aic": -3107.2276521851877,
      "bic": -2946.390498045431,
      "structure_score": 0.07078602134272065,
      "vr_physical_response_score": 0.7069734259834135,
      "vr_late_bias_pass": true,
      "high_vr_valley_depth_pass": false,
      "flatline_guard_pass": true,
      "segment_rmse_mean": 0.06445741674331898,
      "segment_d1_rmse_mean": 0.052124692827645126,
      "segment_d2_rmse_mean": 0.05580676583185776,
      "structure_segment_count": 31,
      "n_params": 36,
      "sse_total": 4.622842729091644,
      "n_points": 644,
      "weights": [
        1.0
      ],
      "energies": [
        11.697979927062988
      ],
      "energy_cluster_status": "separated",
      "cluster_count": 0,
      "effective_distinct_level_count": 1,
      "channel_degeneracy_status": "degenerate",
      "channel_degeneracy_reasons": [
        "top_heavy"
      ],
      "scorecard_path": "./output/robustness/leave_one_vr_out/vr_6p0/fullscan/levels/L01/seeds/seed_000/full/scorecard.json",
      "V_exc": 11.697979927062988,
      "V_exc_weighted": 11.697979927062988,
      "effective_excitation_mean": 11.697979927062988,
      "effective_excitation_std": 0.0,
      "damping": 0.004439434967935085,
      "osc_amp": 0.4694995880126953,
      "phase": -1.450355052947998,
      "forward_reverse_status": "consistent",
      "level_energy_01": 11.697979927062988,
      "seed_count": 3,
      "rmse_seed_mean": 0.08177859615534544,
      "rmse_seed_std": 0.0,
      "rmse_seed_iqr": 0.0,
      "cv_rmse_mean": 0.08177859615534544
    },
    {
      "n_levels": 2,
      "seed": 0,
      "rmse_mean": 0.08241280354559422,
      "mae_mean": 0.06541994400322437,
      "d1_rmse_mean": 0.0457844790071249,
      "d2_rmse_mean": 0.04583952762186527,
      "aic": -3101.239523247618,
      "bic": -2931.4669716556523,
      "structure_score": 0.06983023542229491,
      "vr_physical_response_score": 0.6583357862825316,
      "vr_late_bias_pass": true,
      "high_vr_valley_depth_pass": false,
      "flatline_guard_pass": true,
      "segment_rmse_mean": 0.063846990749223,
      "segment_d1_rmse_mean": 0.04970504032123296,
      "segment_d2_rmse_mean": 0.050637032047431016,
      "structure_segment_count": 31,
      "n_params": 38,
      "sse_total": 4.637136220932007,
      "n_points": 644,
      "weights": [
        0.5435361862182617,
        0.4564637541770935
      ],
      "energies": [
        11.558752059936523,
        11.822047233581543
      ],
      "energy_cluster_status": "separated",
      "cluster_count": 0,
      "effective_distinct_level_count": 2,
      "channel_degeneracy_status": "balanced",
      "channel_degeneracy_reasons": [],
      "scorecard_path": "./output/robustness/leave_one_vr_out/vr_6p0/fullscan/levels/L02/seeds/seed_000/full/scorecard.json",
      "V_exc": 11.558752059936523,
      "V_exc_weighted": 11.678936074399928,
      "effective_excitation_mean": 11.678936074399928,
      "effective_excitation_std": 0.13114758312601368,
      "damping": 0.0038886871188879013,
      "osc_amp": 0.47757598757743835,
      "phase": -1.4841537475585938,
      "forward_reverse_status": "consistent",
      "level_energy_01": 11.558752059936523,
      "level_energy_02": 11.822047233581543,
      "seed_count": 3,
      "rmse_seed_mean": 0.08241280354559422,
      "rmse_seed_std": 0.0,
      "rmse_seed_iqr": 0.0,
      "cv_rmse_mean": 0.08241280354559422
    },
    {
      "n_levels": 3,
      "seed": 0,
      "rmse_mean": 0.08318622782826424,
      "mae_mean": 0.06590440589934587,
      "d1_rmse_mean": 0.04567227605730295,
      "d2_rmse_mean": 0.04336490947753191,
      "aic": -3089.2317267404264,
      "bic": -2910.523777696252,
      "structure_score": 0.07044305094049305,
      "vr_physical_response_score": 0.6594426251523864,
      "vr_late_bias_pass": true,
      "high_vr_valley_depth_pass": false,
      "flatline_guard_pass": true,
      "segment_rmse_mean": 0.0646746038305189,
      "segment_d1_rmse_mean": 0.04848578120268303,
      "segment_d2_rmse_mean": 0.04599344948529272,
      "structure_segment_count": 31,
      "n_params": 40,
      "sse_total": 4.695156514644623,
      "n_points": 644,
      "weights": [
        0.2655724287033081,
        0.4993751645088196,
        0.23505236208438873
      ],
      "energies": [
        11.441872596740723,
        11.680262565612793,
        11.912941932678223
      ],
      "energy_cluster_status": "separated",
      "cluster_count": 0,
      "effective_distinct_level_count": 3,
      "channel_degeneracy_status": "balanced",
      "channel_degeneracy_reasons": [],
      "scorecard_path": "./output/robustness/leave_one_vr_out/vr_6p0/fullscan/levels/L03/seeds/seed_000/full/scorecard.json",
      "V_exc": 11.441872596740723,
      "V_exc_weighted": 11.671644075289535,
      "effective_excitation_mean": 11.671644075289535,
      "effective_excitation_std": 0.16656474448187242,
      "damping": 0.0036914243828505278,
      "osc_amp": 0.4816571772098541,
      "phase": -1.5052070617675781,
      "forward_reverse_status": "consistent",
      "level_energy_01": 11.441872596740723,
      "level_energy_02": 11.680262565612793,
      "level_energy_03": 11.912941932678223,
      "seed_count": 3,
      "rmse_seed_mean": 0.08318622782826424,
      "rmse_seed_std": 0.0,
      "rmse_seed_iqr": 0.0,
      "cv_rmse_mean": 0.08318622782826424
    },
    {
      "n_levels": 4,
      "seed": 0,
      "rmse_mean": 0.07912996970117092,
      "mae_mean": 0.05999869666993618,
      "d1_rmse_mean": 0.04037688672542572,
      "d2_rmse_mean": 0.037261128425598145,
      "aic": -3136.666510013311,
      "bic": -2949.023163516928,
      "structure_score": 0.05767706374842517,
      "vr_physical_response_score": 0.4126790299163602,
      "vr_late_bias_pass": true,
      "high_vr_valley_depth_pass": true,
      "flatline_guard_pass": true,
      "segment_rmse_mean": 0.05313293889677137,
      "segment_d1_rmse_mean": 0.037669249429909214,
      "segment_d2_rmse_mean": 0.03885999543314403,
      "structure_segment_count": 31,
      "n_params": 42,
      "sse_total": 4.334749281406403,
      "n_points": 644,
      "weights": [
        0.35491111874580383,
        0.3924802839756012,
        0.0847841277718544,
        0.16782452166080475
      ],
      "energies": [
        11.48236083984375,
        11.726114273071289,
        12.592592239379883,
        13.971882820129395
      ],
      "energy_cluster_status": "separated",
      "cluster_count": 0,
      "effective_distinct_level_count": 4,
      "channel_degeneracy_status": "degenerate",
      "channel_degeneracy_reasons": [
        "low_weight"
      ],
      "scorecard_path": "./output/robustness/leave_one_vr_out/vr_6p0/fullscan/levels/L04/seeds/seed_000/full/scorecard.json",
      "V_exc": 11.48236083984375,
      "V_exc_weighted": 12.0899626917288,
      "effective_excitation_mean": 12.0899626917288,
      "effective_excitation_std": 0.8937425057414132,
      "damping": 0.005181551445275545,
      "osc_amp": 0.6057876348495483,
      "phase": -1.866612434387207,
      "forward_reverse_status": "consistent",
      "level_energy_01": 11.48236083984375,
      "level_energy_02": 11.726114273071289,
      "level_energy_03": 12.592592239379883,
      "level_energy_04": 13.971882820129395,
      "seed_count": 3,
      "rmse_seed_mean": 0.07912996970117092,
      "rmse_seed_std": 0.0,
      "rmse_seed_iqr": 0.0,
      "cv_rmse_mean": 0.07912996970117092
    },
    {
      "n_levels": 5,
      "seed": 0,
      "rmse_mean": 0.0794314881786704,
      "mae_mean": 0.06025736499577761,
      "d1_rmse_mean": 0.04070842359215021,
      "d2_rmse_mean": 0.037077248096466064,
      "aic": -3130.4555790447157,
      "bic": -2933.876835096124,