{
  "channel_degeneracy_summary": [
    {
      "n_levels": 1,
      "weights": [
        1.0
      ],
      "min_weight": 1.0,
      "max_weight": 1.0,
      "top1_mass": 1.0,
      "top2_mass": 1.0,
      "hhi": 1.0,
      "effective_n_inverse_hhi": 1.0,
      "entropy": -1.000088900581841e-12,
      "entropy_effective_n": 0.9999999999989999,
      "normalized_entropy": -1.4428232973175177e-12,
      "low_weight_threshold": 0.35,
      "concentration_threshold": 0.78,
      "low_weight_count": 0,
      "channel_degeneracy_status": "degenerate",
      "channel_degeneracy_reasons": [
        "top_heavy"
      ],
      "energy_cluster_status": "separated",
      "cluster_count": 0,
      "clustered_level_indices": [],
      "cluster_centers_eV": [],
      "cluster_spans_eV": [],
      "cluster_weight_mass": [],
      "clustered_level_count": 0,
      "effective_distinct_level_count": 1,
      "cluster_tolerance_eV": 0.02
    },
    {
      "n_levels": 2,
      "weights": [
        0.5318083446140084,
        0.4681916553859916
      ],
      "min_weight": 0.4681916553859916,
      "max_weight": 0.5318083446140084,
      "top1_mass": 0.5318083446140084,
      "top2_mass": 1.0,
      "hhi": 0.5020235415741671,
      "effective_n_inverse_hhi": 1.991938459428329,
      "entropy": 0.691122271862585,
      "entropy_effective_n": 1.995954280094365,
      "normalized_entropy": 0.9970786742640654,
      "low_weight_threshold": 0.175,
      "concentration_threshold": 0.78,
      "low_weight_count": 0,
      "channel_degeneracy_status": "balanced",
      "channel_degeneracy_reasons": [],
      "energy_cluster_status": "separated",
      "cluster_count": 0,
      "clustered_level_indices": [],
      "cluster_centers_eV": [],
      "cluster_spans_eV": [],
      "cluster_weight_mass": [],
      "clustered_level_count": 0,
      "effective_distinct_level_count": 2,
      "cluster_tolerance_eV": 0.02
    },
    {
      "n_levels": 3,
      "weights": [
        0.2615332369625655,
        0.5014726667279601,
        0.23699409630947443
      ],
      "min_weight": 0.23699409630947443,
      "max_weight": 0.5014726667279601,
      "top1_mass": 0.5014726667279601,
      "top2_mass": 0.7630059036905256,
      "hhi": 0.3760406711969136,
      "effective_n_inverse_hhi": 2.659286818144068,
      "entropy": 1.0380914661686858,
      "entropy_effective_n": 2.8238225074005077,
      "normalized_entropy": 0.9449115733333042,
      "low_weight_threshold": 0.11666666666666665,
      "concentration_threshold": 0.8,
      "low_weight_count": 0,
      "channel_degeneracy_status": "balanced",
      "channel_degeneracy_reasons": [],
      "energy_cluster_status": "separated",
      "cluster_count": 0,
      "clustered_level_indices": [],
      "cluster_centers_eV": [],
      "cluster_spans_eV": [],
      "cluster_weight_mass": [],
      "clustered_level_count": 0,
      "effective_distinct_level_count": 3,
      "cluster_tolerance_eV": 0.02
    },
    {
      "n_levels": 4,
      "weights": [
        0.36822196566893184,
        0.41020038418322513,
        0.08408348944721006,
        0.13749416070063292
      ],
      "min_weight": 0.08408348944721006,
      "max_weight": 0.41020038418322513,
      "top1_mass": 0.41020038418322513,
      "top2_mass": 0.778422349852157,
      "hhi": 0.329826448609548,
      "effective_n_inverse_hhi": 3.0318975455598176,
      "entropy": 1.2144111548102257,
      "entropy_effective_n": 3.3683100670646544,
      "normalized_entropy": 0.876012475322476,
      "low_weight_threshold": 0.0875,
      "concentration_threshold": 0.85,
      "low_weight_count": 1,
      "channel_degeneracy_status": "degenerate",
      "channel_degeneracy_reasons": [
        "low_weight"
      ],
      "energy_cluster_status": "separated",
      "cluster_count": 0,
      "clustered_level_indices": [],
      "cluster_centers_eV": [],
      "cluster_spans_eV": [],
      "cluster_weight_mass": [],
      "clustered_level_count": 0,
      "effective_distinct_level_count": 4,
      "cluster_tolerance_eV": 0.02
    },
    {
      "n_levels": 5,
      "weights": [
        0.1944647907385944,
        0.4667289028574363,
        0.11532281511012935,
        0.08157517137490468,
        0.1419083199189353
      ],
      "min_weight": 0.08157517137490468,
      "max_weight": 0.4667289028574363,
      "top1_mass": 0.4667289028574363,
      "top2_mass": 0.6611936935960308,
      "hhi": 0.29574425513149655,
      "effective_n_inverse_hhi": 3.3812998313538527,
      "entropy": 1.4047197138118932,
      "entropy_effective_n": 4.074384587485131,
      "normalized_entropy": 0.8728014314559094,
      "low_weight_threshold": 0.06999999999999999,
      "concentration_threshold": 0.88,
      "low_weight_count": 0,
      "channel_degeneracy_status": "balanced",
      "channel_degeneracy_reasons": [],
      "energy_cluster_status": "separated",
      "cluster_count": 0,
      "clustered_level_indices": [],
      "cluster_centers_eV": [],
      "cluster_spans_eV": [],
      "cluster_weight_mass": [],
      "clustered_level_count": 0,
      "effective_distinct_level_count": 5,
      "cluster_tolerance_eV": 0.02
    },
    {
      "n_levels": 6,
      "weights": [
        0.14112520323041977,
        0.5122903027556114,
        0.09452110599369634,
        0.08013145685293865,
        0.08630602871109566,
        0.08562590245623813
      ],
      "min_weight": 0.08013145685293865,
      "max_weight": 0.5122903027556114,
      "top1_mass": 0.5122903027556114,
      "top2_mass": 0.6534155059860312,
      "hhi": 0.3124934929032349,
      "effective_n_inverse_hhi": 3.200066634058376,
      "entropy": 1.4661043179874889,
      "entropy_effective_n": 4.332324863873193,
      "normalized_entropy": 0.8182483995014864,
      "low_weight_threshold": 0.05833333333333333,
      "concentration_threshold": 0.9,
      "low_weight_count": 0,
      "channel_degeneracy_status": "balanced",
      "channel_degeneracy_reasons": [],
      "energy_cluster_status": "separated",
      "cluster_count": 0,
      "clustered_level_indices": [],
      "cluster_centers_eV": [],
      "cluster_spans_eV": [],
      "cluster_weight_mass": [],
      "clustered_level_count": 0,
      "effective_distinct_level_count": 6,
      "cluster_tolerance_eV": 0.02
    },
    {
      "n_levels": 7,
      "weights": [
        0.09690080307316198,
        0.5515572695815731,
        0.07710025832915067,
        0.07063652917100072,
        0.06502421515179722,
        0.0856824707756643,
        0.053098453917652
      ],
      "min_weight": 0.053098453917652,
      "max_weight": 0.5515572695815731,
      "top1_mass": 0.5515572695815731,
      "top2_mass": 0.6484580726547351,
      "hhi": 0.33892823651502607,
      "effective_n_inverse_hhi": 2.950477098875962,
      "entropy": 1.4832553493663394,
      "entropy_effective_n": 4.407269555816504,
      "normalized_entropy": 0.7622424653504273,
      "low_weight_threshold": 0.049999999999999996,
      "concentration_threshold": 0.9142857142857143,
      "low_weight_count": 0,
      "channel_degeneracy_status": "balanced",
      "channel_degeneracy_reasons": [],
      "energy_cluster_status": "separated",
      "cluster_count": 0,
      "clustered_level_indices": [],
      "cluster_centers_eV": [],
      "cluster_spans_eV": [],
      "cluster_weight_mass": [],
      "clustered_level_count": 0,
      "effective_distinct_level_count": 7,
      "cluster_tolerance_eV": 0.02
    },
    {
      "n_levels": 8,
      "weights": [
        0.050529512378658825,
        0.48947288492010044,
        0.1933259175719488,
        0.04250700304269039,
        0.054694953083359754,
        0.05956473813433785,
        0.06997827284086632,
        0.03992671802803759
      ],
      "min_weight": 0.03992671802803759,
      "max_weight": 0.48947288492010044,
      "top1_mass": 0.48947288492010044,
      "top2_mass": 0.6827988024920493,
      "hhi": 0.29434928981002245,
      "effective_n_inverse_hhi": 3.3973243171247853,