{
  "levels": [
    {
      "n_levels": 1,
      "seed": 0,
      "rmse_mean": 0.11053280979394912,
      "mae_mean": 0.09052776843309403,
      "d1_rmse_mean": 0.06206448748707771,
      "d2_rmse_mean": 0.05743073672056198,
      "aic": -3459.6080453070367,
      "bic": -3276.665196487713,
      "structure_score": 0.10373135855831936,
      "vr_physical_response_score": 0.7946930680333114,
      "vr_late_bias_pass": true,
      "high_vr_valley_depth_pass": false,
      "flatline_guard_pass": true,
      "segment_rmse_mean": 0.09534360404233148,
      "segment_d1_rmse_mean": 0.07032579709349855,
      "segment_d2_rmse_mean": 0.06775874033190073,
      "structure_segment_count": 40,
      "n_params": 39,
      "sse_total": 9.93732750415802,
      "n_points": 805,
      "weights": [
        1.0
      ],
      "energies": [
        11.018064498901367
      ],
      "energy_cluster_status": "separated",
      "cluster_count": 0,
      "effective_distinct_level_count": 1,
      "channel_degeneracy_status": "degenerate",
      "channel_degeneracy_reasons": [
        "top_heavy"
      ],
      "scorecard_path": "./output/ablation/no_forward_anchor_gap/fullscan/levels/L01/seeds/seed_000/full/scorecard.json",
      "V_exc": 11.018064498901367,
      "V_exc_weighted": 11.018064498901367,
      "effective_excitation_mean": 11.018064498901367,
      "effective_excitation_std": 0.0,
      "damping": 0.00358195579610765,
      "osc_amp": 0.4435034692287445,
      "phase": 5.602404594421387,
      "forward_reverse_status": "not_evaluated",
      "level_energy_01": 11.018064498901367,
      "seed_count": 3,
      "rmse_seed_mean": 0.11053280979394912,
      "rmse_seed_std": 0.0,
      "rmse_seed_iqr": 0.0,
      "cv_rmse_mean": 0.11053280979394912
    },
    {
      "n_levels": 2,
      "seed": 0,
      "rmse_mean": 0.07953361347317696,
      "mae_mean": 0.06294059306383133,
      "d1_rmse_mean": 0.04462374448776245,
      "d2_rmse_mean": 0.044250454753637314,
      "aic": -3945.3431039973316,
      "bic": -3753.0185706231705,
      "structure_score": 0.06680242992695772,
      "vr_physical_response_score": 0.5711129586386487,
      "vr_late_bias_pass": true,
      "high_vr_valley_depth_pass": true,
      "flatline_guard_pass": true,
      "segment_rmse_mean": 0.061011789134925755,
      "segment_d1_rmse_mean": 0.048140594292316555,
      "segment_d2_rmse_mean": 0.048829068140015607,
      "structure_segment_count": 40,
      "n_params": 41,
      "sse_total": 5.408282577991486,
      "n_points": 805,
      "weights": [
        0.5318083763122559,
        0.4681916832923889
      ],
      "energies": [
        11.552387237548828,
        11.813952445983887
      ],
      "energy_cluster_status": "separated",
      "cluster_count": 0,
      "effective_distinct_level_count": 2,
      "channel_degeneracy_status": "balanced",
      "channel_degeneracy_reasons": [],
      "scorecard_path": "./output/ablation/no_forward_anchor_gap/fullscan/levels/L02/seeds/seed_000/full/scorecard.json",
      "V_exc": 11.552387237548828,
      "V_exc_weighted": 11.6748505813527,
      "effective_excitation_mean": 11.6748505813527,
      "effective_excitation_std": 0.13051769577000116,
      "damping": 0.0037866844795644283,
      "osc_amp": 0.47598356008529663,
      "phase": -1.4914608001708984,
      "forward_reverse_status": "not_evaluated",
      "level_energy_01": 11.552387237548828,
      "level_energy_02": 11.813952445983887,
      "seed_count": 3,
      "rmse_seed_mean": 0.07953361347317696,
      "rmse_seed_std": 0.0,
      "rmse_seed_iqr": 0.0,
      "cv_rmse_mean": 0.07953361347317696
    },
    {
      "n_levels": 3,
      "seed": 0,
      "rmse_mean": 0.0803103543817997,
      "mae_mean": 0.0634648211300373,
      "d1_rmse_mean": 0.04475491717457771,
      "d2_rmse_mean": 0.0424697034060955,
      "aic": -3930.131535226231,
      "bic": -3728.4253172972326,
      "structure_score": 0.06765072428295242,
      "vr_physical_response_score": 0.5769516261127906,
      "vr_late_bias_pass": true,
      "high_vr_valley_depth_pass": true,
      "flatline_guard_pass": true,
      "segment_rmse_mean": 0.06198994694539013,
      "segment_d1_rmse_mean": 0.04748947188400053,
      "segment_d2_rmse_mean": 0.0455915074581121,
      "structure_segment_count": 40,
      "n_params": 43,
      "sse_total": 5.484132945537567,
      "n_points": 805,
      "weights": [
        0.261533260345459,
        0.5014727115631104,
        0.23699411749839783
      ],
      "energies": [
        11.43387222290039,
        11.677237510681152,
        11.910240173339844
      ],
      "energy_cluster_status": "separated",
      "cluster_count": 0,
      "effective_distinct_level_count": 3,
      "channel_degeneracy_status": "balanced",
      "channel_degeneracy_reasons": [],
      "scorecard_path": "./output/ablation/no_forward_anchor_gap/fullscan/levels/L03/seeds/seed_000/full/scorecard.json",
      "V_exc": 11.43387222290039,
      "V_exc_weighted": 11.668810697950903,
      "effective_excitation_mean": 11.668810697950903,
      "effective_excitation_std": 0.16818198862505254,
      "damping": 0.003595758695155382,
      "osc_amp": 0.48060929775238037,
      "phase": -1.509751319885254,
      "forward_reverse_status": "not_evaluated",
      "level_energy_01": 11.43387222290039,
      "level_energy_02": 11.677237510681152,
      "level_energy_03": 11.910240173339844,
      "seed_count": 3,
      "rmse_seed_mean": 0.0803103543817997,
      "rmse_seed_std": 0.0,
      "rmse_seed_iqr": 0.0,
      "cv_rmse_mean": 0.0803103543817997
    },
    {
      "n_levels": 4,
      "seed": 0,
      "rmse_mean": 0.07916414886713027,
      "mae_mean": 0.05956764966249466,
      "d1_rmse_mean": 0.04030292481184006,
      "d2_rmse_mean": 0.03726870641112327,
      "aic": -3925.963117750942,
      "bic": -3714.8752152671063,
      "structure_score": 0.05476388244665248,
      "vr_physical_response_score": 0.4610366283393488,
      "vr_late_bias_pass": true,
      "high_vr_valley_depth_pass": true,
      "flatline_guard_pass": true,
      "segment_rmse_mean": 0.05016805365188798,
      "segment_d1_rmse_mean": 0.03813091995856048,
      "segment_d2_rmse_mean": 0.03913683994542257,
      "structure_segment_count": 40,
      "n_params": 45,
      "sse_total": 5.485280424356461,
      "n_points": 805,
      "weights": [
        0.3682219684123993,
        0.4102003872394562,
        0.08408349007368088,
        0.13749416172504425
      ],
      "energies": [
        11.562005996704102,
        11.810688018798828,
        12.860075950622559,
        14.107952117919922
      ],
      "energy_cluster_status": "separated",
      "cluster_count": 0,
      "effective_distinct_level_count": 4,
      "channel_degeneracy_status": "degenerate",
      "channel_degeneracy_reasons": [
        "low_weight"
      ],
      "scorecard_path": "./output/ablation/no_forward_anchor_gap/fullscan/levels/L04/seeds/seed_000/full/scorecard.json",
      "V_exc": 11.562005996704102,
      "V_exc_weighted": 12.12321452442945,
      "effective_excitation_mean": 12.12321452442945,
      "effective_excitation_std": 0.8621530383158786,
      "damping": 0.003902748692780733,
      "osc_amp": 0.5545883774757385,
      "phase": -1.4458041191101074,
      "forward_reverse_status": "not_evaluated",
      "level_energy_01": 11.562005996704102,
      "level_energy_02": 11.810688018798828,
      "level_energy_03": 12.860075950622559,
      "level_energy_04": 14.107952117919922,
      "seed_count": 3,
      "rmse_seed_mean": 0.07916414886713027,
      "rmse_seed_std": 0.0,
      "rmse_seed_iqr": 0.0,
      "cv_rmse_mean": 0.07916414886713027
    },
    {
      "n_levels": 5,
      "seed": 0,
      "rmse_mean": 0.07681016996502876,
      "mae_mean": 0.057909106463193895,
      "d1_rmse_mean": 0.040242084115743634,
      "d2_rmse_mean": 0.036591780930757524,
      "aic": -3984.2051655700693,
      "bic": -3763.7355785313966,
      "structure_score": 0.055834462588190824,