{
  "n_levels": 1,
  "V_exc": 11.656540870666504,
  "V_exc_weighted": 11.656540870666504,
  "effective_excitation_mean": 11.656540870666504,
  "effective_excitation_std": 0.0,
  "amp": 2.065784215927124,
  "offset": 0.04916340112686157,
  "v_emit": 4.3106465339660645,
  "power": 1.1060113906860352,
  "osc_amp": 0.46753090620040894,
  "width": 2.729064464569092,
  "damping": 0.004157447721809149,
  "phase": -1.5747952461242676,
  "vr_scale": 1.0124528408050537,
  "slope": 0.01051495224237442,
  "collector_threshold": 3.671462059020996,
  "collector_width": 8.433256149291992,
  "collector_floor": 0.48161256313323975,
  "vr_contrast": 0.30509239435195923,
  "late_contrast": 0.035260140895843506,
  "vr_late_contrast": 0.39008665084838867,
  "late_onset": 48.97572708129883,
  "late_width": 6.6184468269348145,
  "high_energy_loss_strength": 0.11796007305383682,
  "high_energy_loss_onset": 70.66258239746094,
  "high_energy_loss_width": 12.415518760681152,
  "vr_late_baseline": -0.010763965547084808,
  "level_energy_01": 11.656540870666504,
  "level_weight_01": 1.0
}