{
  "n_levels": 1,
  "seed": 0,
  "status": "completed",
  "stage": "full_sweep",
  "hyperopt_stage": "",
  "epoch": 3500,
  "epochs": 3500,
  "loss_total": 0.013046648353338242,
  "loss_monitor": 0.019574185833334923,
  "loss_raw": 0.0068747675977647305,
  "loss_d1": 0.0020771962590515614,
  "loss_d2": 0.002268422394990921,
  "loss_peak_window": 0.006292430218309164,
  "loss_vr_late_bias": 0.00038650265196338296,
  "loss_vr_amplitude_ratio": 0.03747120127081871,
  "loss_high_vr_valley_depth": 0.001919346279464662,
  "structure_monitor": 0.04606948047876358,
  "best_epoch": 3499,
  "early_stop": false,
  "heartbeat": 1782639819.1162143,
  "elapsed_seconds": 39.85062169999583,
  "eta_hint": "complete",
  "checkpoint_last": "checkpoint_last.pt",
  "checkpoint_best": "checkpoint_best.pt"
}