{
  "channel_degeneracy_summary": [
    {
      "n_levels": 1,
      "weights": [
        1.0
      ],
      "min_weight": 1.0,
      "max_weight": 1.0,
      "top1_mass": 1.0,
      "top2_mass": 1.0,
      "hhi": 1.0,
      "effective_n_inverse_hhi": 1.0,
      "entropy": -1.000088900581841e-12,
      "entropy_effective_n": 0.9999999999989999,
      "normalized_entropy": -1.4428232973175177e-12,
      "low_weight_threshold": 0.35,
      "concentration_threshold": 0.78,
      "low_weight_count": 0,
      "channel_degeneracy_status": "degenerate",
      "channel_degeneracy_reasons": [
        "top_heavy"
      ],
      "energy_cluster_status": "separated",
      "cluster_count": 0,
      "clustered_level_indices": [],
      "cluster_centers_eV": [],
      "cluster_spans_eV": [],
      "cluster_weight_mass": [],
      "clustered_level_count": 0,
      "effective_distinct_level_count": 1,
      "cluster_tolerance_eV": 0.02
    },
    {
      "n_levels": 2,
      "weights": [
        0.5313080232555852,
        0.46869197674441476
      ],
      "min_weight": 0.46869197674441476,
      "max_weight": 0.5313080232555852,
      "top1_mass": 0.5313080232555852,
      "top2_mass": 1.0,
      "hhi": 0.5019603846403445,
      "effective_n_inverse_hhi": 1.9921890862293878,
      "entropy": 0.6911855128683326,
      "entropy_effective_n": 1.996080510241883,
      "normalized_entropy": 0.9971699117494384,
      "low_weight_threshold": 0.175,
      "concentration_threshold": 0.78,
      "low_weight_count": 0,
      "channel_degeneracy_status": "balanced",
      "channel_degeneracy_reasons": [],
      "energy_cluster_status": "separated",
      "cluster_count": 0,
      "clustered_level_indices": [],
      "cluster_centers_eV": [],
      "cluster_spans_eV": [],
      "cluster_weight_mass": [],
      "clustered_level_count": 0,
      "effective_distinct_level_count": 2,
      "cluster_tolerance_eV": 0.02
    },
    {
      "n_levels": 3,
      "weights": [
        0.2655925035956873,
        0.4987073317748011,
        0.23570016462951163
      ],
      "min_weight": 0.23570016462951163,
      "max_weight": 0.4987073317748011,
      "top1_mass": 0.4987073317748011,
      "top2_mass": 0.7642998353704884,
      "hhi": 0.3748029483385456,
      "effective_n_inverse_hhi": 2.66806865963268,
      "entropy": 1.0397216614975244,
      "entropy_effective_n": 2.828429643907445,
      "normalized_entropy": 0.946395441068677,
      "low_weight_threshold": 0.11666666666666665,
      "concentration_threshold": 0.8,
      "low_weight_count": 0,
      "channel_degeneracy_status": "balanced",
      "channel_degeneracy_reasons": [],
      "energy_cluster_status": "separated",
      "cluster_count": 0,
      "clustered_level_indices": [],
      "cluster_centers_eV": [],
      "cluster_spans_eV": [],
      "cluster_weight_mass": [],
      "clustered_level_count": 0,
      "effective_distinct_level_count": 3,
      "cluster_tolerance_eV": 0.02
    },
    {
      "n_levels": 4,
      "weights": [
        0.35939611611050887,
        0.3961048303293361,
        0.08622405318427323,
        0.1582750003758818
      ],
      "min_weight": 0.08622405318427323,
      "max_weight": 0.3961048303293361,
      "top1_mass": 0.3961048303293361,
      "top2_mass": 0.755500946439845,
      "hhi": 0.3185501679770603,
      "effective_n_inverse_hhi": 3.1392229561530565,
      "entropy": 1.237690129405723,
      "entropy_effective_n": 3.4476406564578723,
      "normalized_entropy": 0.892804705925428,
      "low_weight_threshold": 0.0875,
      "concentration_threshold": 0.85,
      "low_weight_count": 1,
      "channel_degeneracy_status": "degenerate",
      "channel_degeneracy_reasons": [
        "low_weight"
      ],
      "energy_cluster_status": "separated",
      "cluster_count": 0,
      "clustered_level_indices": [],
      "cluster_centers_eV": [],
      "cluster_spans_eV": [],
      "cluster_weight_mass": [],
      "clustered_level_count": 0,
      "effective_distinct_level_count": 4,
      "cluster_tolerance_eV": 0.02
    },
    {
      "n_levels": 5,
      "weights": [
        0.18232930109922282,
        0.4694546181288589,
        0.12530042974350275,
        0.07161283066196258,
        0.1513028203664529
      ],
      "min_weight": 0.07161283066196258,
      "max_weight": 0.4694546181288589,
      "top1_mass": 0.4694546181288589,
      "top2_mass": 0.6517839192280818,
      "hhi": 0.2973527511820123,
      "effective_n_inverse_hhi": 3.3630090726414394,
      "entropy": 1.4000987351812426,
      "entropy_effective_n": 4.05560037751536,
      "normalized_entropy": 0.8699302560008327,
      "low_weight_threshold": 0.06999999999999999,
      "concentration_threshold": 0.88,
      "low_weight_count": 0,
      "channel_degeneracy_status": "balanced",
      "channel_degeneracy_reasons": [],
      "energy_cluster_status": "separated",
      "cluster_count": 0,
      "clustered_level_indices": [],
      "cluster_centers_eV": [],
      "cluster_spans_eV": [],
      "cluster_weight_mass": [],
      "clustered_level_count": 0,
      "effective_distinct_level_count": 5,
      "cluster_tolerance_eV": 0.02
    },
    {
      "n_levels": 6,
      "weights": [
        0.14262635153351805,
        0.4932956618053762,
        0.11270250138800597,
        0.0602226768533592,
        0.05706601472494072,
        0.13408679369479987
      ],
      "min_weight": 0.05706601472494072,
      "max_weight": 0.4932956618053762,
      "top1_mass": 0.4932956618053762,
      "top2_mass": 0.6359220133388943,
      "hhi": 0.3012473090142033,
      "effective_n_inverse_hhi": 3.319531727179185,
      "entropy": 1.4744198517099643,
      "entropy_effective_n": 4.368500659442389,
      "normalized_entropy": 0.8228893872374452,
      "low_weight_threshold": 0.05833333333333333,
      "concentration_threshold": 0.9,
      "low_weight_count": 1,
      "channel_degeneracy_status": "degenerate",
      "channel_degeneracy_reasons": [
        "low_weight"
      ],
      "energy_cluster_status": "separated",
      "cluster_count": 0,
      "clustered_level_indices": [],
      "cluster_centers_eV": [],
      "cluster_spans_eV": [],
      "cluster_weight_mass": [],
      "clustered_level_count": 0,
      "effective_distinct_level_count": 6,
      "cluster_tolerance_eV": 0.02
    },
    {
      "n_levels": 7,
      "weights": [
        0.10415341239481811,
        0.5249727133673706,
        0.10037740616303356,
        0.0519211120044688,
        0.05228788916969795,
        0.0592210713377116,
        0.1070663955628993
      ],
      "min_weight": 0.0519211120044688,
      "max_weight": 0.5249727133673706,
      "top1_mass": 0.5249727133673706,
      "top2_mass": 0.6320391089302699,
      "hhi": 0.3169200803366239,
      "effective_n_inverse_hhi": 3.1553696406293574,
      "entropy": 1.5191215470986716,
      "entropy_effective_n": 4.568210474283726,
      "normalized_entropy": 0.7806740449121785,
      "low_weight_threshold": 0.049999999999999996,
      "concentration_threshold": 0.9142857142857143,
      "low_weight_count": 0,
      "channel_degeneracy_status": "balanced",
      "channel_degeneracy_reasons": [],
      "energy_cluster_status": "separated",
      "cluster_count": 0,
      "clustered_level_indices": [],
      "cluster_centers_eV": [],
      "cluster_spans_eV": [],
      "cluster_weight_mass": [],
      "clustered_level_count": 0,
      "effective_distinct_level_count": 7,
      "cluster_tolerance_eV": 0.02
    },
    {
      "n_levels": 8,
      "weights": [
        0.07261092729720331,
        0.5448145655970155,
        0.09549613972912227,
        0.0460352706710627,
        0.04901453827051903,
        0.04541413807447487,
        0.06448062965695546,
        0.08213379070364693
      ],
      "min_weight": 0.04541413807447487,
      "max_weight": 0.5448145655970155,
      "top1_mass": 0.5448145655970155,
      "top2_mass": 0.6403107053261378,
      "hhi": 0.32870259657377404,