{
  "levels": [
    {
      "n_levels": 1,
      "seed": 0,
      "rmse_mean": 0.0802049107849598,
      "mae_mean": 0.06321413666009904,
      "d1_rmse_mean": 0.045261353999376294,
      "d2_rmse_mean": 0.047302660346031186,
      "aic": -3930.817413633667,
      "bic": -3747.874564814343,
      "structure_score": 0.06717091221033285,
      "vr_physical_response_score": 0.652343023840974,
      "vr_late_bias_pass": true,
      "high_vr_valley_depth_pass": true,
      "flatline_guard_pass": true,
      "segment_rmse_mean": 0.06109369973407179,
      "segment_d1_rmse_mean": 0.04989960044182895,
      "segment_d2_rmse_mean": 0.0543626216039079,
      "structure_segment_count": 40,
      "n_params": 39,
      "sse_total": 5.534188091754913,
      "n_points": 805,
      "weights": [
        1.0
      ],
      "energies": [
        11.656540870666504
      ],
      "energy_cluster_status": "separated",
      "cluster_count": 0,
      "effective_distinct_level_count": 1,
      "channel_degeneracy_status": "degenerate",
      "channel_degeneracy_reasons": [
        "top_heavy"
      ],
      "scorecard_path": "./output/main/fullscan/levels/L01/seeds/seed_000/full/scorecard.json",
      "V_exc": 11.656540870666504,
      "V_exc_weighted": 11.656540870666504,
      "effective_excitation_mean": 11.656540870666504,
      "effective_excitation_std": 0.0,
      "damping": 0.004157447721809149,
      "osc_amp": 0.46753090620040894,
      "phase": -1.5747952461242676,
      "forward_reverse_status": "consistent",
      "level_energy_01": 11.656540870666504,
      "seed_count": 3,
      "rmse_seed_mean": 0.0802049107849598,
      "rmse_seed_std": 0.0,
      "rmse_seed_iqr": 0.0,
      "cv_rmse_mean": 0.0802049107849598
    },
    {
      "n_levels": 2,
      "seed": 0,
      "rmse_mean": 0.08045758679509163,
      "mae_mean": 0.06351301670074463,
      "d1_rmse_mean": 0.044964903593063356,
      "d2_rmse_mean": 0.044682185351848605,
      "aic": -3924.486421631295,
      "bic": -3732.161888257134,
      "structure_score": 0.06661906352163734,
      "vr_physical_response_score": 0.5962178292797833,
      "vr_late_bias_pass": true,
      "high_vr_valley_depth_pass": true,
      "flatline_guard_pass": true,
      "segment_rmse_mean": 0.060795334843566876,
      "segment_d1_rmse_mean": 0.048374173869202654,
      "segment_d2_rmse_mean": 0.049315564557509545,
      "structure_segment_count": 40,
      "n_params": 41,
      "sse_total": 5.550236344337463,
      "n_points": 805,
      "weights": [
        0.5313080549240112,
        0.46869200468063354
      ],
      "energies": [
        11.54991340637207,
        11.812955856323242
      ],
      "energy_cluster_status": "separated",
      "cluster_count": 0,
      "effective_distinct_level_count": 2,
      "channel_degeneracy_status": "balanced",
      "channel_degeneracy_reasons": [],
      "scorecard_path": "./output/main/fullscan/levels/L02/seeds/seed_000/full/scorecard.json",
      "V_exc": 11.54991340637207,
      "V_exc_weighted": 11.673199987984276,
      "effective_excitation_mean": 11.673199987984276,
      "effective_excitation_std": 0.13126314347826715,
      "damping": 0.0037731218617409468,
      "osc_amp": 0.4753774404525757,
      "phase": -1.500640869140625,
      "forward_reverse_status": "consistent",
      "level_energy_01": 11.54991340637207,
      "level_energy_02": 11.812955856323242,
      "seed_count": 3,
      "rmse_seed_mean": 0.08045758679509163,
      "rmse_seed_std": 0.0,
      "rmse_seed_iqr": 0.0,
      "cv_rmse_mean": 0.08045758679509163
    },
    {
      "n_levels": 3,
      "seed": 0,
      "rmse_mean": 0.08121413961052895,
      "mae_mean": 0.06403757184743882,
      "d1_rmse_mean": 0.04506857842206955,
      "d2_rmse_mean": 0.04278423264622688,
      "aic": -3910.3411294131165,
      "bic": -3708.634911484118,
      "structure_score": 0.06754207067285983,
      "vr_physical_response_score": 0.5910340593597754,
      "vr_late_bias_pass": true,
      "high_vr_valley_depth_pass": true,
      "flatline_guard_pass": true,
      "segment_rmse_mean": 0.061837726606511045,
      "segment_d1_rmse_mean": 0.047860462622614466,
      "segment_d2_rmse_mean": 0.04591489020436662,
      "structure_segment_count": 40,
      "n_params": 43,
      "sse_total": 5.620627760887146,
      "n_points": 805,
      "weights": [
        0.2655925154685974,
        0.4987073540687561,
        0.23570017516613007
      ],
      "energies": [
        11.43773078918457,
        11.680306434631348,
        11.913692474365234
      ],
      "energy_cluster_status": "separated",
      "cluster_count": 0,
      "effective_distinct_level_count": 3,
      "channel_degeneracy_status": "balanced",
      "channel_degeneracy_reasons": [],
      "scorecard_path": "./output/main/fullscan/levels/L03/seeds/seed_000/full/scorecard.json",
      "V_exc": 11.43773078918457,
      "V_exc_weighted": 11.670889811362713,
      "effective_excitation_mean": 11.670889811362713,
      "effective_excitation_std": 0.16845748998595694,
      "damping": 0.0035805299412459135,
      "osc_amp": 0.47976332902908325,
      "phase": -1.4941034317016602,
      "forward_reverse_status": "consistent",
      "level_energy_01": 11.43773078918457,
      "level_energy_02": 11.680306434631348,
      "level_energy_03": 11.913692474365234,
      "seed_count": 3,
      "rmse_seed_mean": 0.08121413961052895,
      "rmse_seed_std": 0.0,
      "rmse_seed_iqr": 0.0,
      "cv_rmse_mean": 0.08121413961052895
    },
    {
      "n_levels": 4,
      "seed": 0,
      "rmse_mean": 0.07735223770141601,
      "mae_mean": 0.05793031752109527,
      "d1_rmse_mean": 0.039888042211532596,
      "d2_rmse_mean": 0.036562877148389815,
      "aic": -3970.798891512618,
      "bic": -3759.7109890287825,
      "structure_score": 0.05408807084788927,
      "vr_physical_response_score": 0.31058648858613114,
      "vr_late_bias_pass": true,
      "high_vr_valley_depth_pass": true,
      "flatline_guard_pass": true,
      "segment_rmse_mean": 0.049680168843368955,
      "segment_d1_rmse_mean": 0.03661584680472558,
      "segment_d2_rmse_mean": 0.037315866202388005,
      "structure_segment_count": 40,
      "n_params": 45,
      "sse_total": 5.18812108039856,
      "n_points": 805,
      "weights": [
        0.3593961000442505,
        0.3961048126220703,
        0.08622404932975769,
        0.15827499330043793
      ],
      "energies": [
        11.500251770019531,
        11.739255905151367,
        12.59369945526123,
        13.96471881866455
      ],
      "energy_cluster_status": "separated",
      "cluster_count": 0,
      "effective_distinct_level_count": 4,
      "channel_degeneracy_status": "degenerate",
      "channel_degeneracy_reasons": [
        "low_weight"
      ],
      "scorecard_path": "./output/main/fullscan/levels/L04/seeds/seed_000/full/scorecard.json",
      "V_exc": 11.500251770019531,
      "V_exc_weighted": 12.079266936845741,
      "effective_excitation_mean": 12.079266936845741,
      "effective_excitation_std": 0.8670398160120402,
      "damping": 0.00486446637660265,
      "osc_amp": 0.596869945526123,
      "phase": -1.7662239074707031,
      "forward_reverse_status": "consistent",
      "level_energy_01": 11.500251770019531,
      "level_energy_02": 11.739255905151367,
      "level_energy_03": 12.59369945526123,
      "level_energy_04": 13.96471881866455,
      "seed_count": 3,
      "rmse_seed_mean": 0.07735223770141601,
      "rmse_seed_std": 0.0,
      "rmse_seed_iqr": 0.0,
      "cv_rmse_mean": 0.07735223770141601
    },
    {
      "n_levels": 5,
      "seed": 0,
      "rmse_mean": 0.07787786424160004,
      "mae_mean": 0.058553989976644516,
      "d1_rmse_mean": 0.04047573879361153,
      "d2_rmse_mean": 0.03700930774211884,
      "aic": -3960.2579360183895,
      "bic": -3739.788348979717,
      "structure_score": 0.05548167410175279,
      "vr_physical_response_score": 0.34216887824903663,
      "vr_late_bias_pass": true,