{
  "channel_degeneracy_summary": [
    {
      "n_levels": 1,
      "weights": [
        1.0
      ],
      "min_weight": 1.0,
      "max_weight": 1.0,
      "top1_mass": 1.0,
      "top2_mass": 1.0,
      "hhi": 1.0,
      "effective_n_inverse_hhi": 1.0,
      "entropy": -1.000088900581841e-12,
      "entropy_effective_n": 0.9999999999989999,
      "normalized_entropy": -1.4428232973175177e-12,
      "low_weight_threshold": 0.35,
      "concentration_threshold": 0.78,
      "low_weight_count": 0,
      "channel_degeneracy_status": "degenerate",
      "channel_degeneracy_reasons": [
        "top_heavy"
      ],
      "energy_cluster_status": "separated",
      "cluster_count": 0,
      "clustered_level_indices": [],
      "cluster_centers_eV": [],
      "cluster_spans_eV": [],
      "cluster_weight_mass": [],
      "clustered_level_count": 0,
      "effective_distinct_level_count": 1,
      "cluster_tolerance_eV": 0.02
    },
    {
      "n_levels": 2,
      "weights": [
        0.51424516779915,
        0.48575483220085003
      ],
      "min_weight": 0.48575483220085003,
      "max_weight": 0.51424516779915,
      "top1_mass": 0.51424516779915,
      "top2_mass": 1.0,
      "hhi": 0.5004058496112519,
      "effective_n_inverse_hhi": 1.9983779181975303,
      "entropy": 0.6927412760242236,
      "entropy_effective_n": 1.999188355664759,
      "normalized_entropy": 0.99941440353924,
      "low_weight_threshold": 0.175,
      "concentration_threshold": 0.78,
      "low_weight_count": 0,
      "channel_degeneracy_status": "balanced",
      "channel_degeneracy_reasons": [],
      "energy_cluster_status": "separated",
      "cluster_count": 0,
      "clustered_level_indices": [],
      "cluster_centers_eV": [],
      "cluster_spans_eV": [],
      "cluster_weight_mass": [],
      "clustered_level_count": 0,
      "effective_distinct_level_count": 2,
      "cluster_tolerance_eV": 0.02
    },
    {
      "n_levels": 3,
      "weights": [
        0.3027762472629547,
        0.49319571256637573,
        0.20402804017066956
      ],
      "min_weight": 0.20402804017066956,
      "max_weight": 0.49319571256637573,
      "top1_mass": 0.49319571256637573,
      "top2_mass": 0.7959719598293304,
      "hhi": 0.37654290797637735,
      "effective_n_inverse_hhi": 2.6557398342043284,
      "entropy": 1.034662438755495,
      "entropy_effective_n": 2.8141561252289984,
      "normalized_entropy": 0.9417903380726392,
      "low_weight_threshold": 0.11666666666666665,
      "concentration_threshold": 0.8,
      "low_weight_count": 0,
      "channel_degeneracy_status": "balanced",
      "channel_degeneracy_reasons": [],
      "energy_cluster_status": "separated",
      "cluster_count": 0,
      "clustered_level_indices": [],
      "cluster_centers_eV": [],
      "cluster_spans_eV": [],
      "cluster_weight_mass": [],
      "clustered_level_count": 0,
      "effective_distinct_level_count": 3,
      "cluster_tolerance_eV": 0.02
    },
    {
      "n_levels": 4,
      "weights": [
        0.2676926811383265,
        0.47436177023706183,
        0.09131491048164798,
        0.16663063814296367
      ],
      "min_weight": 0.09131491048164798,
      "max_weight": 0.47436177023706183,
      "top1_mass": 0.47436177023706183,
      "top2_mass": 0.7420544513753884,
      "hhi": 0.3327826430416675,
      "effective_n_inverse_hhi": 3.004964414189086,
      "entropy": 1.2237231977150769,
      "entropy_effective_n": 3.399822409354235,
      "normalized_entropy": 0.882729694382163,
      "low_weight_threshold": 0.0875,
      "concentration_threshold": 0.85,
      "low_weight_count": 0,
      "channel_degeneracy_status": "balanced",
      "channel_degeneracy_reasons": [],
      "energy_cluster_status": "separated",
      "cluster_count": 0,
      "clustered_level_indices": [],
      "cluster_centers_eV": [],
      "cluster_spans_eV": [],
      "cluster_weight_mass": [],
      "clustered_level_count": 0,
      "effective_distinct_level_count": 4,
      "cluster_tolerance_eV": 0.02
    },
    {
      "n_levels": 5,
      "weights": [
        0.20118280204794114,
        0.45362479508574594,
        0.12441966215714056,
        0.06626355051093288,
        0.15450919019823947
      ],
      "min_weight": 0.06626355051093288,
      "max_weight": 0.45362479508574594,
      "top1_mass": 0.45362479508574594,
      "top2_mass": 0.6548075971336871,
      "hhi": 0.28999417486977375,
      "effective_n_inverse_hhi": 3.4483451277911534,
      "entropy": 1.408883965588804,
      "entropy_effective_n": 4.0913867267682535,
      "normalized_entropy": 0.8753888265612059,
      "low_weight_threshold": 0.06999999999999999,
      "concentration_threshold": 0.88,
      "low_weight_count": 1,
      "channel_degeneracy_status": "degenerate",
      "channel_degeneracy_reasons": [
        "low_weight"
      ],
      "energy_cluster_status": "separated",
      "cluster_count": 0,
      "clustered_level_indices": [],
      "cluster_centers_eV": [],
      "cluster_spans_eV": [],
      "cluster_weight_mass": [],
      "clustered_level_count": 0,
      "effective_distinct_level_count": 5,
      "cluster_tolerance_eV": 0.02
    },
    {
      "n_levels": 6,
      "weights": [
        0.14611439352439942,
        0.48769938764088083,
        0.11902754709486832,
        0.05525796467342241,
        0.056838266339755555,
        0.13506244072667345
      ],
      "min_weight": 0.05525796467342241,
      "max_weight": 0.48769938764088083,
      "top1_mass": 0.48769938764088083,
      "top2_mass": 0.6338137811652802,
      "hhi": 0.2978935597431187,
      "effective_n_inverse_hhi": 3.3569037238076773,
      "entropy": 1.4779617673849563,
      "entropy_effective_n": 4.384000954568941,
      "normalized_entropy": 0.8248661680140067,
      "low_weight_threshold": 0.05833333333333333,
      "concentration_threshold": 0.9,
      "low_weight_count": 2,
      "channel_degeneracy_status": "degenerate",
      "channel_degeneracy_reasons": [
        "low_weight"
      ],
      "energy_cluster_status": "separated",
      "cluster_count": 0,
      "clustered_level_indices": [],
      "cluster_centers_eV": [],
      "cluster_spans_eV": [],
      "cluster_weight_mass": [],
      "clustered_level_count": 0,
      "effective_distinct_level_count": 6,
      "cluster_tolerance_eV": 0.02
    },
    {
      "n_levels": 7,
      "weights": [
        0.10986407887139946,
        0.5146158356764012,
        0.10740059654191358,
        0.04857694003200881,
        0.05008536223353953,
        0.059325110388268196,
        0.11013207625646917
      ],
      "min_weight": 0.04857694003200881,
      "max_weight": 0.5146158356764012,
      "top1_mass": 0.5146158356764012,
      "top2_mass": 0.6247479119328704,
      "hhi": 0.3089512678488199,
      "effective_n_inverse_hhi": 3.236756421046096,
      "entropy": 1.5315638756246621,
      "entropy_effective_n": 4.625404726761246,
      "normalized_entropy": 0.7870681369169049,
      "low_weight_threshold": 0.049999999999999996,
      "concentration_threshold": 0.9142857142857143,
      "low_weight_count": 1,
      "channel_degeneracy_status": "degenerate",
      "channel_degeneracy_reasons": [
        "low_weight"
      ],
      "energy_cluster_status": "separated",
      "cluster_count": 0,
      "clustered_level_indices": [],
      "cluster_centers_eV": [],
      "cluster_spans_eV": [],
      "cluster_weight_mass": [],
      "clustered_level_count": 0,
      "effective_distinct_level_count": 7,
      "cluster_tolerance_eV": 0.02
    },
    {
      "n_levels": 8,
      "weights": [
        0.04661809600943965,
        0.16943076063583687,
        0.46464371161933565,
        0.07318320043552816,
        0.045350845396322996,
        0.04610024341083791,
        0.06552002505749437,
        0.08915311743520442
      ],
      "min_weight": 0.045350845396322996,
      "max_weight": 0.46464371161933565,
      "top1_mass": 0.46464371161933565,
      "top2_mass": 0.6340744722551725,