{
  "levels": [
    {
      "n_levels": 1,
      "seed": 0,
      "rmse_mean": 0.08588171191513538,
      "mae_mean": 0.06739556044340134,
      "d1_rmse_mean": 0.04898256063461304,
      "d2_rmse_mean": 0.05142731964588165,
      "aic": -3064.653714818656,
      "bic": -2903.8165606788994,
      "structure_score": 0.07465181674872996,
      "vr_physical_response_score": 0.5731714353328797,
      "vr_late_bias_pass": true,
      "high_vr_valley_depth_pass": true,
      "flatline_guard_pass": true,
      "segment_rmse_mean": 0.06804291918042825,
      "segment_d1_rmse_mean": 0.05393688116337249,
      "segment_d2_rmse_mean": 0.060760472598222946,
      "structure_segment_count": 32,
      "n_params": 36,
      "sse_total": 4.938780426979065,
      "n_points": 644,
      "weights": [
        1.0
      ],
      "energies": [
        11.626520156860352
      ],
      "energy_cluster_status": "separated",
      "cluster_count": 0,
      "effective_distinct_level_count": 1,
      "channel_degeneracy_status": "degenerate",
      "channel_degeneracy_reasons": [
        "top_heavy"
      ],
      "scorecard_path": "./output/robustness/leave_one_vr_out/vr_8p0/fullscan/levels/L01/seeds/seed_000/full/scorecard.json",
      "V_exc": 11.626520156860352,
      "V_exc_weighted": 11.626520156860352,
      "effective_excitation_mean": 11.626520156860352,
      "effective_excitation_std": 0.0,
      "damping": 0.0046758707612752914,
      "osc_amp": 0.4785836935043335,
      "phase": -1.738229751586914,
      "forward_reverse_status": "consistent",
      "level_energy_01": 11.626520156860352,
      "seed_count": 3,
      "rmse_seed_mean": 0.08588171191513538,
      "rmse_seed_std": 0.0,
      "rmse_seed_iqr": 0.0,
      "cv_rmse_mean": 0.08588171191513538
    },
    {
      "n_levels": 2,
      "seed": 0,
      "rmse_mean": 0.08625826984643936,
      "mae_mean": 0.06764733698219061,
      "d1_rmse_mean": 0.046948155388236046,
      "d2_rmse_mean": 0.04505013581365347,
      "aic": -3056.188533470484,
      "bic": -2886.4159818785183,
      "structure_score": 0.07223571706001745,
      "vr_physical_response_score": 0.5092621128248975,
      "vr_late_bias_pass": true,
      "high_vr_valley_depth_pass": true,
      "flatline_guard_pass": true,
      "segment_rmse_mean": 0.06635230644930112,
      "segment_d1_rmse_mean": 0.04887513792363014,
      "segment_d2_rmse_mean": 0.04979484091766555,
      "structure_segment_count": 32,
      "n_params": 38,
      "sse_total": 4.973142504692078,
      "n_points": 644,
      "weights": [
        0.5142451524734497,
        0.4857548177242279
      ],
      "energies": [
        11.519957542419434,
        11.79147720336914
      ],
      "energy_cluster_status": "separated",
      "cluster_count": 0,
      "effective_distinct_level_count": 2,
      "channel_degeneracy_status": "balanced",
      "channel_degeneracy_reasons": [],
      "scorecard_path": "./output/robustness/leave_one_vr_out/vr_8p0/fullscan/levels/L02/seeds/seed_000/full/scorecard.json",
      "V_exc": 11.519957542419434,
      "V_exc_weighted": 11.651849182511114,
      "effective_excitation_mean": 11.651849182511114,
      "effective_excitation_std": 0.13570471919341195,
      "damping": 0.004097931087017059,
      "osc_amp": 0.4859723746776581,
      "phase": -1.6202411651611328,
      "forward_reverse_status": "consistent",
      "level_energy_01": 11.519957542419434,
      "level_energy_02": 11.79147720336914,
      "seed_count": 3,
      "rmse_seed_mean": 0.08625826984643936,
      "rmse_seed_std": 0.0,
      "rmse_seed_iqr": 0.0,
      "cv_rmse_mean": 0.08625826984643936
    },
    {
      "n_levels": 3,
      "seed": 0,
      "rmse_mean": 0.08709228411316872,
      "mae_mean": 0.06830483861267567,
      "d1_rmse_mean": 0.046994706615805626,
      "d2_rmse_mean": 0.04368713591247797,
      "aic": -3042.9389777888637,
      "bic": -2864.2310287446894,
      "structure_score": 0.07296394992661086,
      "vr_physical_response_score": 0.5256218869027084,
      "vr_late_bias_pass": true,
      "high_vr_valley_depth_pass": true,
      "flatline_guard_pass": true,
      "segment_rmse_mean": 0.06724106656721669,
      "segment_d1_rmse_mean": 0.04808554511025618,
      "segment_d2_rmse_mean": 0.04571644241842766,
      "structure_segment_count": 32,
      "n_params": 40,
      "sse_total": 5.0450854897499084,
      "n_points": 644,
      "weights": [
        0.3027762472629547,
        0.49319571256637573,
        0.20402804017066956
      ],
      "energies": [
        11.439937591552734,
        11.675251007080078,
        11.914275169372559
      ],
      "energy_cluster_status": "separated",
      "cluster_count": 0,
      "effective_distinct_level_count": 3,
      "channel_degeneracy_status": "balanced",
      "channel_degeneracy_reasons": [],
      "scorecard_path": "./output/robustness/leave_one_vr_out/vr_8p0/fullscan/levels/L03/seeds/seed_000/full/scorecard.json",
      "V_exc": 11.439937591552734,
      "V_exc_weighted": 11.652771325582052,
      "effective_excitation_mean": 11.652771325582052,
      "effective_excitation_std": 0.16708307724197025,
      "damping": 0.003909774124622345,
      "osc_amp": 0.48911136388778687,
      "phase": -1.598897933959961,
      "forward_reverse_status": "consistent",
      "level_energy_01": 11.439937591552734,
      "level_energy_02": 11.675251007080078,
      "level_energy_03": 11.914275169372559,
      "seed_count": 3,
      "rmse_seed_mean": 0.08709228411316872,
      "rmse_seed_std": 0.0,
      "rmse_seed_iqr": 0.0,
      "cv_rmse_mean": 0.08709228411316872
    },
    {
      "n_levels": 4,
      "seed": 0,
      "rmse_mean": 0.08295425027608871,
      "mae_mean": 0.0623013861477375,
      "d1_rmse_mean": 0.042596795596182346,
      "d2_rmse_mean": 0.038086701184511185,
      "aic": -3092.28067221679,
      "bic": -2904.6373257204073,
      "structure_score": 0.06085874886264462,
      "vr_physical_response_score": 0.19411450963679366,
      "vr_late_bias_pass": true,
      "high_vr_valley_depth_pass": true,
      "flatline_guard_pass": true,
      "segment_rmse_mean": 0.05610874763885774,
      "segment_d1_rmse_mean": 0.03952636862799863,
      "segment_d2_rmse_mean": 0.03986821804935116,
      "structure_segment_count": 32,
      "n_params": 42,
      "sse_total": 4.64404559135437,
      "n_points": 644,
      "weights": [
        0.2676926851272583,
        0.474361777305603,
        0.09131491184234619,
        0.16663064062595367
      ],
      "energies": [
        11.400897026062012,
        11.637848854064941,
        12.358275413513184,
        13.891536712646484
      ],
      "energy_cluster_status": "separated",
      "cluster_count": 0,
      "effective_distinct_level_count": 4,
      "channel_degeneracy_status": "balanced",
      "channel_degeneracy_reasons": [],
      "scorecard_path": "./output/robustness/leave_one_vr_out/vr_8p0/fullscan/levels/L04/seeds/seed_000/full/scorecard.json",
      "V_exc": 11.400897026062012,
      "V_exc_weighted": 12.015737895809764,
      "effective_excitation_mean": 12.015737895809764,
      "effective_excitation_std": 0.8751907570183204,
      "damping": 0.005332327913492918,
      "osc_amp": 0.596259355545044,
      "phase": -2.0712838172912598,
      "forward_reverse_status": "consistent",
      "level_energy_01": 11.400897026062012,
      "level_energy_02": 11.637848854064941,
      "level_energy_03": 12.358275413513184,
      "level_energy_04": 13.891536712646484,
      "seed_count": 3,
      "rmse_seed_mean": 0.08295425027608871,
      "rmse_seed_std": 0.0,
      "rmse_seed_iqr": 0.0,
      "cv_rmse_mean": 0.08295425027608871
    },
    {
      "n_levels": 5,
      "seed": 0,
      "rmse_mean": 0.0830900352448225,
      "mae_mean": 0.06248698476701975,
      "d1_rmse_mean": 0.04252536501735449,
      "d2_rmse_mean": 0.037640261463820934,
      "aic": -3086.5591541460803,
      "bic": -2889.9804101974887,
      "structure_score": 0.06055791383597414,