{
  "weight_diagnostics": [
    {
      "n_levels": 1,
      "seed": 0,
      "weights": [
        1.0
      ],
      "min_weight": 1.0,
      "max_weight": 1.0,
      "top1_mass": 1.0,
      "top2_mass": 1.0,
      "tail_mass_excluding_top1": 0.0,
      "hhi": 1.0,
      "effective_n_inverse_hhi": 1.0,
      "entropy": -1.000088900581841e-12,
      "entropy_effective_n": 0.9999999999989999,
      "normalized_entropy": -1.4428232973175177e-12,
      "low_weight_threshold": 0.35,
      "concentration_threshold": 0.78,
      "low_weight_count": 0,
      "extra_weight_mass_beyond_k4": 0.0,
      "max_extra_level_weight": 0.0,
      "n_extra_levels_under_threshold": 0,
      "concentration_status": "top_heavy"
    },
    {
      "n_levels": 2,
      "seed": 0,
      "weights": [
        0.5347509661465307,
        0.4652490338534693
      ],
      "min_weight": 0.4652490338534693,
      "max_weight": 0.5347509661465307,
      "top1_mass": 0.5347509661465307,
      "top2_mass": 1.0,
      "tail_mass_excluding_top1": 0.4652490338534693,
      "hhi": 0.5024152592962347,
      "effective_n_inverse_hhi": 1.9903854062887427,
      "entropy": 0.6907299730023064,
      "entropy_effective_n": 1.9951714230721147,
      "normalized_entropy": 0.9965127066437951,
      "low_weight_threshold": 0.175,
      "concentration_threshold": 0.78,
      "low_weight_count": 0,
      "extra_weight_mass_beyond_k4": 0.0,
      "max_extra_level_weight": 0.0,
      "n_extra_levels_under_threshold": 0,
      "concentration_status": "balanced"
    },
    {
      "n_levels": 3,
      "seed": 0,
      "weights": [
        0.25907012434199267,
        0.5093622131740717,
        0.23156766248393562
      ],
      "min_weight": 0.23156766248393562,
      "max_weight": 0.5093622131740717,
      "top1_mass": 0.5093622131740717,
      "top2_mass": 0.7684323375160644,
      "tail_mass_excluding_top1": 0.4906377868259283,
      "hhi": 0.38019077584443794,
      "effective_n_inverse_hhi": 2.6302584479565816,
      "entropy": 1.0322848441380403,
      "entropy_effective_n": 2.8074731506234154,
      "normalized_entropy": 0.9396261581868152,
      "low_weight_threshold": 0.11666666666666665,
      "concentration_threshold": 0.8,
      "low_weight_count": 0,
      "extra_weight_mass_beyond_k4": 0.0,
      "max_extra_level_weight": 0.0,
      "n_extra_levels_under_threshold": 0,
      "concentration_status": "balanced"
    },
    {
      "n_levels": 4,
      "seed": 0,
      "weights": [
        0.3501995231971109,
        0.4034870296976494,
        0.09122548320312412,
        0.15508796390211554
      ],
      "min_weight": 0.09122548320312412,
      "max_weight": 0.4034870296976494,
      "top1_mass": 0.4034870296976494,
      "top2_mass": 0.7536865528947603,
      "tail_mass_excluding_top1": 0.5965129703023506,
      "hhi": 0.31781585451466304,
      "effective_n_inverse_hhi": 3.146476130107169,
      "entropy": 1.241136260901769,
      "entropy_effective_n": 3.459542174831442,
      "normalized_entropy": 0.8952905643352265,
      "low_weight_threshold": 0.0875,
      "concentration_threshold": 0.85,
      "low_weight_count": 0,
      "extra_weight_mass_beyond_k4": 0.0,
      "max_extra_level_weight": 0.0,
      "n_extra_levels_under_threshold": 0,
      "concentration_status": "balanced"
    },
    {
      "n_levels": 5,
      "seed": 0,
      "weights": [
        0.18225646694348155,
        0.46260906178016686,
        0.12929643112586,
        0.07778317878619527,
        0.14805486136429633
      ],
      "min_weight": 0.07778317878619527,
      "max_weight": 0.46260906178016686,
      "top1_mass": 0.46260906178016686,
      "top2_mass": 0.6448655287236484,
      "tail_mass_excluding_top1": 0.5373909382198332,
      "hhi": 0.2919125957614171,
      "effective_n_inverse_hhi": 3.425682942497313,
      "entropy": 1.4128256226383606,
      "entropy_effective_n": 4.10754539514587,
      "normalized_entropy": 0.8778379157861487,
      "low_weight_threshold": 0.06999999999999999,
      "concentration_threshold": 0.88,
      "low_weight_count": 0,
      "extra_weight_mass_beyond_k4": 0.14805486136429633,
      "max_extra_level_weight": 0.14805486136429633,
      "n_extra_levels_under_threshold": 0,
      "concentration_status": "balanced"
    },
    {
      "n_levels": 6,
      "seed": 0,
      "weights": [
        0.13987184748339995,
        0.48896994093872737,
        0.11492876451621731,
        0.06241472298470013,
        0.06058606742502598,
        0.13322865665192923
      ],
      "min_weight": 0.06058606742502598,
      "max_weight": 0.48896994093872737,
      "top1_mass": 0.48896994093872737,
      "top2_mass": 0.6288417884221273,
      "tail_mass_excluding_top1": 0.5110300590612726,
      "hhi": 0.2971805019378304,
      "effective_n_inverse_hhi": 3.3649583114614905,
      "entropy": 1.4851569706648822,
      "entropy_effective_n": 4.415658487229609,
      "normalized_entropy": 0.8288818874247298,
      "low_weight_threshold": 0.05833333333333333,
      "concentration_threshold": 0.9,
      "low_weight_count": 0,
      "extra_weight_mass_beyond_k4": 0.1938147240769552,
      "max_extra_level_weight": 0.13322865665192923,
      "n_extra_levels_under_threshold": 0,
      "concentration_status": "balanced"
    },
    {
      "n_levels": 7,
      "seed": 0,
      "weights": [
        0.09793602294981565,
        0.5242549972331151,
        0.10369545607624411,
        0.05323252280177634,
        0.05577035456040332,
        0.057253496991600726,
        0.10785714938704481
      ],
      "min_weight": 0.05323252280177634,
      "max_weight": 0.5242549972331151,
      "top1_mass": 0.5242549972331151,
      "top2_mass": 0.6321121466201599,
      "tail_mass_excluding_top1": 0.4757450027668849,
      "hhi": 0.31604267584928186,
      "effective_n_inverse_hhi": 3.1641296458231856,
      "entropy": 1.5221749965226357,
      "entropy_effective_n": 4.5821805915940415,
      "normalized_entropy": 0.7822432075096635,
      "low_weight_threshold": 0.049999999999999996,
      "concentration_threshold": 0.9142857142857143,
      "low_weight_count": 0,
      "extra_weight_mass_beyond_k4": 0.22088100093904886,
      "max_extra_level_weight": 0.10785714938704481,
      "n_extra_levels_under_threshold": 0,
      "concentration_status": "balanced"
    },
    {
      "n_levels": 8,
      "seed": 0,
      "weights": [
        0.073541797149615,
        0.5417877395317872,
        0.096118151425435,
        0.04627410287950856,
        0.05124729461038638,
        0.04650654236594928,
        0.06193365110506377,
        0.08259072093225478
      ],
      "min_weight": 0.04627410287950856,
      "max_weight": 0.5417877395317872,
      "top1_mass": 0.5417877395317872,
      "top2_mass": 0.6379058909572222,
      "tail_mass_excluding_top1": 0.45821226046821284,
      "hhi": 0.32576849027673793,
      "effective_n_inverse_hhi": 3.069664592639108,
      "entropy": 1.5645221969395002,
      "entropy_effective_n": 4.780390305018799,
      "normalized_entropy": 0.7523761382951077,
      "low_weight_threshold": 0.04375,
      "concentration_threshold": 0.925,
      "low_weight_count": 0,
      "extra_weight_mass_beyond_k4": 0.2422782090136542,
      "max_extra_level_weight": 0.08259072093225478,
      "n_extra_levels_under_threshold": 0,
      "concentration_status": "balanced"
    }
  ]
}