{
  "levels": [
    {
      "n_levels": 1,
      "seed": 0,
      "rmse_mean": 0.07750143483281136,
      "mae_mean": 0.06142085883766413,
      "d1_rmse_mean": 0.04572307877242565,
      "d2_rmse_mean": 0.04938801098614931,
      "aic": -3155.7529766339712,
      "bic": -2994.9158224942144,
      "structure_score": 0.06855124817686215,
      "vr_physical_response_score": 0.592083825570781,
      "vr_late_bias_pass": true,
      "high_vr_valley_depth_pass": true,
      "flatline_guard_pass": true,
      "segment_rmse_mean": 0.062324731532748784,
      "segment_d1_rmse_mean": 0.0513238593795346,
      "segment_d2_rmse_mean": 0.054706535307995234,
      "structure_segment_count": 32,
      "n_params": 36,
      "sse_total": 4.287311911582947,
      "n_points": 644,
      "weights": [
        1.0
      ],
      "energies": [
        11.701786041259766
      ],
      "energy_cluster_status": "separated",
      "cluster_count": 0,
      "effective_distinct_level_count": 1,
      "channel_degeneracy_status": "degenerate",
      "channel_degeneracy_reasons": [
        "top_heavy"
      ],
      "scorecard_path": "./output/robustness/leave_one_vr_out/vr_4p0/fullscan/levels/L01/seeds/seed_000/full/scorecard.json",
      "V_exc": 11.701786041259766,
      "V_exc_weighted": 11.701786041259766,
      "effective_excitation_mean": 11.701786041259766,
      "effective_excitation_std": 0.0,
      "damping": 0.004363118205219507,
      "osc_amp": 0.4713735580444336,
      "phase": -1.430048942565918,
      "forward_reverse_status": "consistent",
      "level_energy_01": 11.701786041259766,
      "seed_count": 3,
      "rmse_seed_mean": 0.07750143483281136,
      "rmse_seed_std": 0.0,
      "rmse_seed_iqr": 0.0,
      "cv_rmse_mean": 0.07750143483281136
    },
    {
      "n_levels": 2,
      "seed": 0,
      "rmse_mean": 0.07833075057715178,
      "mae_mean": 0.06205581407994032,
      "d1_rmse_mean": 0.045246548019349575,
      "d2_rmse_mean": 0.04490918479859829,
      "aic": -3147.468854670818,
      "bic": -2977.6963030788525,
      "structure_score": 0.06840822924095821,
      "vr_physical_response_score": 0.5530145255530753,
      "vr_late_bias_pass": true,
      "high_vr_valley_depth_pass": true,
      "flatline_guard_pass": true,
      "segment_rmse_mean": 0.06241862637392881,
      "segment_d1_rmse_mean": 0.04992213460557439,
      "segment_d2_rmse_mean": 0.04986947032359822,
      "structure_segment_count": 32,
      "n_params": 38,
      "sse_total": 4.315927743911743,
      "n_points": 644,
      "weights": [
        0.5347509980201721,
        0.46524906158447266
      ],
      "energies": [
        11.566581726074219,
        11.821903228759766
      ],
      "energy_cluster_status": "separated",
      "cluster_count": 0,
      "effective_distinct_level_count": 2,
      "channel_degeneracy_status": "balanced",
      "channel_degeneracy_reasons": [],
      "scorecard_path": "./output/robustness/leave_one_vr_out/vr_4p0/fullscan/levels/L02/seeds/seed_000/full/scorecard.json",
      "V_exc": 11.566581726074219,
      "V_exc_weighted": 11.685370505023002,
      "effective_excitation_mean": 11.685370505023002,
      "effective_excitation_std": 0.12735204806850794,
      "damping": 0.0038631197530776262,
      "osc_amp": 0.47910425066947937,
      "phase": -1.4589109420776367,
      "forward_reverse_status": "consistent",
      "level_energy_01": 11.566581726074219,
      "level_energy_02": 11.821903228759766,
      "seed_count": 3,
      "rmse_seed_mean": 0.07833075057715178,
      "rmse_seed_std": 0.0,
      "rmse_seed_iqr": 0.0,
      "cv_rmse_mean": 0.07833075057715178
    },
    {
      "n_levels": 3,
      "seed": 0,
      "rmse_mean": 0.07930035330355167,
      "mae_mean": 0.06276488117873669,
      "d1_rmse_mean": 0.04548649396747351,
      "d2_rmse_mean": 0.043521380983293056,
      "aic": -3133.565136353511,
      "bic": -2954.857187309337,
      "structure_score": 0.06921764697271147,
      "vr_physical_response_score": 0.5548406192442266,
      "vr_late_bias_pass": true,
      "high_vr_valley_depth_pass": true,
      "flatline_guard_pass": true,
      "segment_rmse_mean": 0.06337177550454007,
      "segment_d1_rmse_mean": 0.049281951462631604,
      "segment_d2_rmse_mean": 0.045883816095412366,
      "structure_segment_count": 32,
      "n_params": 40,
      "sse_total": 4.382812976837158,
      "n_points": 644,
      "weights": [
        0.25907012820243835,
        0.5093622207641602,
        0.23156766593456268
      ],
      "energies": [
        11.450041770935059,
        11.69067096710205,
        11.922720909118652
      ],
      "energy_cluster_status": "separated",
      "cluster_count": 0,
      "effective_distinct_level_count": 3,
      "channel_degeneracy_status": "balanced",
      "channel_degeneracy_reasons": [],
      "scorecard_path": "./output/robustness/leave_one_vr_out/vr_4p0/fullscan/levels/L03/seeds/seed_000/full/scorecard.json",
      "V_exc": 11.450041770935059,
      "V_exc_weighted": 11.682066568059426,
      "effective_excitation_mean": 11.682066568059426,
      "effective_excitation_std": 0.1655174035660578,
      "damping": 0.0036426247097551823,
      "osc_amp": 0.48301053047180176,
      "phase": -1.4502716064453125,
      "forward_reverse_status": "consistent",
      "level_energy_01": 11.450041770935059,
      "level_energy_02": 11.69067096710205,
      "level_energy_03": 11.922720909118652,
      "seed_count": 3,
      "rmse_seed_mean": 0.07930035330355167,
      "rmse_seed_std": 0.0,
      "rmse_seed_iqr": 0.0,
      "cv_rmse_mean": 0.07930035330355167
    },
    {
      "n_levels": 4,
      "seed": 0,
      "rmse_mean": 0.07430699188262224,
      "mae_mean": 0.05650480929762125,
      "d1_rmse_mean": 0.03982927743345499,
      "d2_rmse_mean": 0.03727608826011419,
      "aic": -3194.0751517892454,
      "bic": -3006.4318052928625,
      "structure_score": 0.055183100442990594,
      "vr_physical_response_score": 0.23063004259171527,
      "vr_late_bias_pass": true,
      "high_vr_valley_depth_pass": true,
      "flatline_guard_pass": true,
      "segment_rmse_mean": 0.050711782477022065,
      "segment_d1_rmse_mean": 0.03714551403970275,
      "segment_d2_rmse_mean": 0.03783832809991255,
      "structure_segment_count": 32,
      "n_params": 42,
      "sse_total": 3.965055763721466,
      "n_points": 644,
      "weights": [
        0.35019952058792114,
        0.40348702669143677,
        0.09122548252344131,
        0.15508796274662018
      ],
      "energies": [
        11.516500473022461,
        11.749131202697754,
        12.63876724243164,
        14.00385856628418
      ],
      "energy_cluster_status": "separated",
      "cluster_count": 0,
      "effective_distinct_level_count": 4,
      "channel_degeneracy_status": "balanced",
      "channel_degeneracy_reasons": [],
      "scorecard_path": "./output/robustness/leave_one_vr_out/vr_4p0/fullscan/levels/L04/seeds/seed_000/full/scorecard.json",
      "V_exc": 11.516500473022461,
      "V_exc_weighted": 12.098502495516243,
      "effective_excitation_mean": 12.098502495516243,
      "effective_excitation_std": 0.8703605608945137,
      "damping": 0.005143563263118267,
      "osc_amp": 0.6042520999908447,
      "phase": -1.7162322998046875,
      "forward_reverse_status": "consistent",
      "level_energy_01": 11.516500473022461,
      "level_energy_02": 11.749131202697754,
      "level_energy_03": 12.63876724243164,
      "level_energy_04": 14.00385856628418,
      "seed_count": 3,
      "rmse_seed_mean": 0.07430699188262224,
      "rmse_seed_std": 0.0,
      "rmse_seed_iqr": 0.0,
      "cv_rmse_mean": 0.07430699188262224
    },
    {
      "n_levels": 5,
      "seed": 0,
      "rmse_mean": 0.07480957359075546,
      "mae_mean": 0.057078368961811066,
      "d1_rmse_mean": 0.040364922024309635,
      "d2_rmse_mean": 0.03780698124319315,
      "aic": -3185.7582106307,
      "bic": -2989.1794666821083,
      "structure_score": 0.05598493940734334,